essay_id,grade,essay_topic,essay_text,dyslexic_flag,score_1,score_2,score_3,avg_score,rubric_score_language,rubric_score_content,rubric_score_relevance,total_score,normalized_score,baseline_score
G3_001,3,අම්මා ,"මගෙ අම්මාගේ නම මාරි. අම්මා මට පාසල් වැඩ කියා දෙයි. ඇය පාන්දරින්ම අවදි වී මා හට පාසල් ගෙන යාම සදහා ආහාර පිළියෙල කර දෙයි. අම්මා මා පාසල් අවසන් වී ගෙදර එන තුරු මඟ බලා සිටියි. අම්මා හරි ආදරෙයි මමත් අම්මාට ආදරෙයි.
",False,,,,,,,,,,28.96
G3_002,3,ගං වතුර,"තදින් වහින කොට ඇළ දොළ වෙල් පිරෙනවා. ඒ වතුර ගඟට යන කොට ගඟ පිරිලා උතුරනවා. ගඟේ වතුර දෙගොඩ තලා යනකොට ගංවතුර එනවා. ඉස්සර වෙලා වෙල් යට වෙනවා.
පහත් බිම් යට වෙනවා.
පාරවල් යට වෙනවා.
පාරවල්වල වාහන ගමන් නවතිනවා.
පාසල් වැහෙනවා.
ගෙවල් දොරවල් වතුරට යට වෙනවා.
යට වු ගෙවල්වල අය පන්සල්වලට පාසල් වලට එක් රොක් වෙනවා. බෝට්ටු වලින් යටවු ගෙවල්වල මිනිස්සුන්ට ආණ්ඩුවෙන් කෑම පාර්සල් දෙනවා. සමිති සමාගම් වලින් ද කෑම බීම සපයනවා.
කුඹුරු ගං වතුරට යට වී කුණු වෙනවා.
ගව, එළු, කුකුලු සතුන්ගේ
එළවළු කොටුද යට වෙනවා.
ලෙඩ දුක් ඇති වෙනවා.
කොටු යට වෙනවා.
ගං වතුර බැස ගිය විට ඉඩම් සරුවෙනවා.
ළිංවල වතුර අපිරිසිදු වෙනවා.
බොහෝ දෙනකුට පාඩු සිදු වෙනවා.
සමහරු කෙහෙල් කොට වලින් පාරු සාදාගෙන ගංවතුරේ සවාරි යනවා.
",False,,,,,,,,,,56.95
G3_003,3,ජලය ,"ජලය හැම කෙනෙකුටම නැතිවම බැරිය. ආහාර නැතුව අපට දින කිහිපයක් සිටින්නට පුලුවන. ජලය නැතිව දවසක්වත් සිටිය නොහැක. බීමට නෑමට රෙදි සේදීමට ජලය ඕනෑ වෙනවා. කෑම පිසිමට ද ජලය ඕනෑ වෙනවා.
සතා සිව්පාවටත් බීමට ජලය ඕනෑ වෙනවා. ගස් කොළන් වලටත් ජලය නැතුව බැරිය. ගොවිතැන් වලටද ජලය ඕනෑ වෙනවා. ජලය නැතිව කුඹුරු වගා කරන්ට බැහැ.
ගෙදර මල් පොච්චි වලටත් ජලය ඕනෑ.
ගෙදර වත්තේ කුරුල්ලන්ගේ බේසමටත් වතුර නැතිව බැහැ. කුඩුවේ සිටින බලු පැටවාටත් ජලය ඕනෑ.
අප්පච්චීගේ කාරෙක සෝදන්නට ජලය භොගක් ඕනෑ
අප්පච්චීගේ එළවළු කොටුවටද ජලය හැමදාම ඕනෑ.
ජලය නැති නම් මල් වේලෙනවා.
ජලය නැති වෙන කොට විදුලියත් නැති වෙනවා. කර්මාන්තශාලා වලටද ජලය ඕනෑ.
ජලය මදි වෙන කොට කම්හල් වහනවා.
කැලැවේ සතුන්ට ජලය නැති වෙන කොට උන් මැරෙනවා. ජලය නැතිදාට ලෝකයම විනාස්‍යයි.
ඒ නිසා ජලය පිරි මහ ගෙන පාවිච්චි කරන්ට ඕනෑ. හුඟ දෙනෙක් ජලය නාස්ති කරනවා.
",False,,,,,,,,,,58.14
G3_004,3,කිරි මාමා,"
කිරි මාමා පාන්දරට අප අවදි කරනවා.
හිමිදිරි පාන්දර ගේට්ටුව ලඟට විත් සීනුව ගහනවා.
අම්මා ගේට්ටුව ළඟට
ගොස් කිරි බෝතලය ගන්නවා.
මම උදේන්ම කිරි වීදුරුවක් බොනවා.
උදේට කිරි බීවාම ඇඟට සනීපයක් දැනෙනවා.
එළකිරි හොඳ ආහාරයක් කියලා ගුරුතුමිය අපිට කියා දීලා තියෙනවා.
කිරි බොන කොට ළපටි අපේ ඇඟ පත වැඩෙනවා.
බොහෝ ලෙඩ රෝග වලින් මා බේරෙන්නේ කිරි බොන හින්දයි අම්මා කියනවා. උදේට කිරි ටිකක් බී ධාන්ය වර්ගයක් කෑවාම හොඳ පෝෂණයක් ඇඟට ලැබෙනවා. එතකොට හොඳ නිරෝගී ශරීරයක් ලැබෙනවා.
නිරෝගී ශරීරයක් ලැබීම වාසනාවකි.
මන්ද පෝෂණය මන්ද මානසිකත්වයට හේතුවකි.
දිනපතා කිරි බීමෙන් මන්ද පෝෂණය හා මන්ද මානසිකත්වය නැති වෙනවා.
පුළුවන්නම් උදේට හැම කෙනෙක්ම කිරි වීදුරුවක් බොන එක හොදයි.
එළකිරි ලැබෙන්නේ එළදෙන ගෙනි.
එළදෙනට කිරි අම්මා කියන්නේ ඒ නිසයි.
",False,,,,,,,,,,56.5
G3_005,3,පිරිසිඳුකම ,"පිරිසිඳුකම නැති නිසා ලෙඩ රෝග සෑදෙනවා. අපේ ඇග පත පිරිසිඳු නැත්තම් ලෙඩ වැඩිය. අපේ ඇදුම් පිරිසිඳු නැත්තම් ඒත් ලෙඩය. අපිරිසිඳු ඇදුම් අදින කොට අපව කාටත් එපා අපිරිසිඳු වතුර බොනකොටත් ලෙඩ රෝග පාචනය, අතීසාරය අපිරිසිඳු වතුරෙන් බෝ වෙනවා. කෑම අපිරිසිඳු නම් අසනීප හැදෙනවා.
පිරිසිඳුකම හැම දේකම තියෙන්න ඕනෑ.
ගෙවල් දොරවල් පිරිසිඳු වෙන්න ඕනෑ.
බෝ වෙනවා.
ගෙවත්ත පිරිසිඳුව තබා ගන්න ඕනෑ. මදුරුවෝ ඇති වෙන්නේ අපිරිසිඳුකම නිසයි. අපිරිසිඳුකමට හේතුව ටින් කබල්, තැබිලි කෝම්බ ආදියයි. ඒවායේ මදුරුවෝ ඇති වෙනවා.
අප කන හැම දේම පිරිසිඳු වෙන්න ඕනෑ. අපේ දත් නියපොතු පිරිසිඳු වෙන්නම ඕනෑ ඒවා ලෙඩ ඇති කරන තැන්ය.
දවසට දෙවරක් දත් මදින්න ඕනෑ.
එවිට දත් පිරිසිඳු වෙනවා.
ගෙදර කන
බොන පිඟන් කෝප්ප පිරිසිඳු වෙන්නම ඕනෑ
නිදා ගන්න කොට්ට මෙට්ට ඇද ඇතිරිලිද පිරිසිදු වෙන්නම ඕනෑ.
පිරිසිඳුකම නැති තැන පිළිකුල ඇති වෙනවා.
දත් මැද නියපොතු කපා පිරිසිඳු ඇදුම් අදින ළමයාට කවුරුත් ආදරෙයි.
",False,,,,,,,,,,61.68
G4_001,4,Hene palaka rayak,"අපේ ලොකු මාමා මොනරාගල බුත්තල පදිංචිව සිටි.මෙවර නත්තල් නිවාඩුවට අපි බුත්තල ගියෙමු. අපේ ලොකු මාමාගේ ජීවනෝපාය ගොවිතැනයි. වී ගොවි තැනට අමතරව මාමා හේනක් ද වවයි.
මාමාගේ හේන මහ මුකලාන අද්දර පිහිටා ඇත. දඬු වැටින් වට වූ හේනේ පැළ ගසක් උඩ දෙබලක තනා ඇත. එයට ගොඩ වීමට ලණු ඉනිමගක්ද තනා ඇත.
මගේ බලවත් පෙරැත්තය නිසා ලොකු මාමා දිනක මා හේනට කැටුව ගියේය. ඇදිරි වැටීගෙන එද්දි මම මාමාත් සමග හේනට ගියෙමි. ලණු ඉනිමග දිගේ අපි පැලට ගොඩ වුනෙමු.
පළමුවෙන් මාමා පැල අතු ගා පිරිසිදු කලේය. ඉන් අනතුරුව හකුළා බැඳ තිබු හෙවන් පැදුර දිග හැර මට වාඩිවීමට කීවේය. මාමා පහලින් දර කොට කැබලි කිහිපයක් ද පැලට ගෙනාවේය.
කළුවර වැටීගෙන එද්දි මාමා "" හරිකේන් ලාම්පු "" දල්වා පැලේ කෙළවර එල්ලා තැබුවේය. ඉන් පසු කෑලි තුනේ විදුලි පන්දමට බැටරි දමා සකස් කලේය. ගිණි මැලය දැල්වුයේ තරමක් රෑ බෝ වූ පසු මදුරු කන්කෙඳිරිය ඇසෙන විටය.
නැන්දා හදා දුන් බත් මුල ලිහා ගෙන අපි අනුභව කලෙමු. දැන් හද අහසේ මෝදු වෙමින් පවතී. මාමා මා හට නිදිමත නම් නිදා ගන්නට කීවේය. එහෙත් නිදිමන අහලකවත් නොවූ මම හේන පිපිසිසාරා බලන්නට වුනෙමි.
හේනේ යායේ අනෙක් හේන් වල දල්වා ඇති එළි මට පෙනේ. ඒව කළාමැදිරි එළි හා සමානය. අවට හේන්වල ගොවියෝ අඬහැර පාමින් පැල්කවි ගායනා කලහ.
මාමා වහලේ සගවා තිබු බට නළාව ගෙන වාදනය කරන්නට විය. වස්දඬු රාවය හේන් යාය පුරා ප්රතිරාව නඟන්නට වූයේය.
මාමා හදිස්සියේම නැගිසිට විදුලි පන්දම හිසේ සවිකර ගත්තේය. අතට ගත් තුවක්කුව මාන ගෙන හේන වටා පිරික් සන්නට විය. "" අන්න පුතේ වල් ඌරෙක් හේනට රිංගන්න හදනවා "" මාමා ටෝච් එළියෙන් මට උරෙකු පෙන්නුවේය. "" දැන් මාමා උගට වෙඩි තියාවි "" යයි මට සිතුනත් මාමා රතිඤඤා කරලක් දල්වා ඒ ඉසව්වට විසික් කලේය. රෑ මැද මාමා කිරි ඉරිගු බිඳ පුළුස්සා කෑමට දුන්නේය. හෙනේ පැලේ ගෙවු රැය සදා අමතක නොවේ
",False,,,,,,,,,,100.0
G4_002,4,ධර්මපාලතුමා,"විදේශිකයන්ට යටත්ව තිබු අපේ රට නිදහස් නිවහල් රාජයක් බවට පත් කර ගැනීමට වෙහෙස මහන්සි වූ උගත්තු රැසක් වෙති. ඉන් ධර්මපාලතුමාද ප්‍රමුඛ මෙහෙවරක් කල අයෙකි.ඩෙවිඩ් යනුවෙන් තම උප්පැන්නේ ලියා තිබු නම ධර්මපාල යනුවෙන් වෙනස් කර ගනිමින් අපේ බොදු හැකියාව හා දේශයේ උරුම වෙනුවෙන් පෙනි සිටියේය.
පරම විඥානර්ත සංගමයේ ක්‍රියාකාරිකයෙකු වූ එතුමා රට වටා ඇවිදමින් සිංහල බෞද්ධ ජනතාවට ආගම හා ජාතියේ වටිනාකම දේශනා කළේය.
අනාන්ද වැනි බෞද්ධ පාසල් අරම්භ කිරීමට එතුමා ගත් වෙහෙසට උපකාරයක් ලෙස ධර්මපාල නමින් විදුහල් රැසක් අපේ රටේ පවතී.
ඉන්දියාවේ මහා බෝධි සංගමය පිහිටුවා ගත් එතුමා බුදු රාජාණන් වැඩ සිටි තැන් ආරක්ෂා කිරීමට පියවර ගත්තේය. අවිවාහකව ජීවත් වූ එතුමා අනගාරික ධර්මපාල තුමා නමින් හඳුන් වනු ලැබීය. පසුව සිරි දේවමිත්ත නමින් පැවදිව සිට ඉන්දියාවේ බුද්ධගයාවෙදී උන්වහන්සේ අපවත් වූ සේක.
එතුමා වෙනුවෙන් සැම වසරකම දම්පල් දිනය සමරා ගුණ සමරු උත්සව අනුගාමිකයෝ පවත්වති.
",False,,,,,,,,,,66.46
G4_003,4, මුහුදු වෙරළ,"අපේ ගමට සුන්දර මුහුදු වෙරළක් තිබේ. මුහුදු වෙරළ ඉතා දැකුම් කළු දර්ශන මවයි. අපේ ගම පිහිටා තිබෙන්නේ බස්නාහිර පළාතේ නිසා ඉර බැස යන්නේ මුහුදෙනි.
ඉර බැස යන සැන්දෑ යාමට අපේ මුහුදු වෙරළ විසිතුරු වෙයි. සයුර දෙසට බර වු පොල් රූප්පාව වෙරළ සීමාව දක්වයි. මුහුදු රළ බිදි සේදී යන වැල්ල තඹ පාටින් දිලිසෙයි.
වැල්ල පුරා විසිරි ඇති කවඩි සහ සිප්පි කටු ඇහිදීමට ළමයි කැමැත්තෝය. මුහුදු වෙරළේ සෙල්ලම් කරන අපි වැලි මාලිගා තනමු. සමහර විට අප හැදු නිර්මාණ ඇසිල්ලකින් රළ ගෙඩියකට මැකී යයි.
වෙරළේ සිට ඇත බැලූ විට දියඹේ පාවෙන නැවක්
හෝ ඔරුවක් ඉතා කුඩාවට අපට පෙනෙයි. අහපි
හා මුහුද ගෑවෙන සීමාව ක්ෂිතිජය බව අපේ තාත්තා කීවේය.
මහ හඬින් බිඳෙන රළගෙඩිවල සමුද්‍ර ඝෝෂව විදින්නත්, රළ පාගා වෙරළේ සෙල්ලම් කිරීමටත්. සමුද්‍ර ජීවින් ගැන ඉගෙන ගන්නත් අපේ වෙරළට සංචාරය කරන්න.
",False,,,,,,,,,,62.26
G4_004,4,යාල,"වන සතුනට නිදහසේ ජීවත් වීමට වෙන් කල භූමිය අභය භූමියක් ලෙස සැලකේ. ශ්‍රි ලංකාවේ අභය භූමි අතරින් රුහුණු යාල අභය භූමිය සුවිශේෂී වැදගත් කමක් උසුලයි.
දකුණු පලාත, නැගෙනහිර පලාත හා උවෙ පලාතට මායිම්වන යාල අභය භුමියේ එක් මායිමක් නැගෙනහිර වෙරළ තීරය වේ. ස්වාභාවික වනන්තරය තුල නිදහසේ වන සතුන්ට ජීවත් වීමට ඇති අයිතිය අණ පණත් මගින්ම සහතික කොට ආරක්ෂා කොට තිබේ.
යාල අභය භූමිය සංචාරයේ යෙදෙන්නට මහජනතාවට අවසර ඇත. ඒ සදහා වන ජීවි සංරක්ෂන දෙපාර්තුමේන්තුවේ අවසර ලබා ගත යුතුය. යාල අභය භූමිය තුල සංචාරය කිරීමේදී සිංචරකයින්ට මග පෙන්වන්නෙකු ලබා දේ.
යාල අභය භූමිය තුල අලි ඇත්තු සුලභව සිටියි. එමෙන්න ශ්රී ලංකාවට විශේෂ වූ දිවියන් හා කොටින්ද වල් උරෙන්, වලසුන්, මුවන්, ගෝනුන්, වදුරන් වැනි සියුපා සතුන් යාල අභය භූමියේදී දැක බලා ගත හැකිය.
කුමණ යාල අභය භූමිය හා සම්බන්ධ කුරුළු පාරදීසයයි. දේශිය කුරුළු වර්ග මෙන්ම පර්යටන කුරුළු වර්ග රැසක් යාල අභය භූමිය තුල සිටිති. කුරුල්ලන් අතර මොනරා යාලදි දැක ගත හැකි සුලභ පක්ෂියෙකි.
යාල අභය භූමිය තුල සංචාරකයින් සදහා නේවාසික පහසුකම් සපයා ඇත. යාල අභය භූමියේ වැවක් විල්ලුවක් අසලට වී සතුන්ගේ නිදහස් හැසිරීම අධ්යනය කිරීම කොතරම් සොදුරුද.
",False,,,,,,,,,,76.26
G5_001,5,මගෙ ගුරුතුමි,"මගෙ ගුරුතුමිගේ නම මිස් ඩිලානි. ඇය මගෙ පන්තිභාර ගුරුතුමියයි. ඇය පැරයි, ඒ වගේම හරි හොදයි. ඇය අපට පාඩම් කියාදිමට හරි දක්ශයි. ඇය අපට ලස්සන සින්දුද කියා දෙයි. ඇය අපට රස කැම ගෙනත් දෙයි ඇයගේ උපන්දිනයට හා විශේශ උත්සව අවස්තාවලදී. පාඩම් අවසානයෙදි ඇය අපගෙන් ප්‍රශ්න අසයි. මගෙ ගොඩාක් යාලුවෝ ඇයට ගොඩක් කැමතියි. ඇය හරි ආදරනියයි. අපි සැවොම ඇයට සුබ අනාගතයක් පතනවා.
",False,,,,,,,,,,37.1
G5_002,5,ළමා පුස්තකාල,"නාගරික ප්‍රදේශ වල රජයේ පාසැල් වල ළමා පුස්තකාල බිහි වී ඇති බව මම අසා ඇත්තෙමි. එවා ළමා පොත් වලින් පිරී ඇත. අපේ පාසැලේ ළමුන් සඳහා ළමා පොත් වලින් පිරිණු හොඳ ළමා පුස්තකාලයක් නොමැති වීම අපට තදින් දැනේ. ගමේ ලොකු හාමුදුරුවෝ පුස්තකාලයක් තිබීමේ වාසිදායක බව විස්තර කරමින් ඒ මඟින් අපේ සාහිත්‍ය දැනුම වැඩි කල හැකි බව ප්‍රකාශ කළ ආකාරය මට තවමත් මතකයේ තිබේ.
කියවීම මගින් භාෂාව වැඩි දියුණු වන බවද එතුමා පැවසුහ. නමුදු අවාසනාවකට මෙන් අපේ ගමේ වැඩිහිටියෝ එහි අගය පැහැදිළිව වටහා නොගත්හ. ළමුන් වෙනුවෙන් උපකාරි කළ හැකි පොහොසත් ගම්මුන් සිටින බව අප තේරුම් ගත්තෙමු. මේ නිසා අපි අපේ පන්සලේ ඉරිදා දහම් පාසලේ ඔවුන්ගේ මූල්‍ය ආධාරය මත ළමා පුස්තකාලයක් ආරම්භ කිරීමට තීරණය කලෙමු. අපි මේ කටයුත්ත කිරීම සඳහා පුංචි හමුදුරුවන්ගෙන් මුලින්ම සහයෝගය ගත්තෙමු.
මුල්ම කියවීමේ සමාජයේ රැස් වීම පැවැත්වූයේ ඉරිදා හවස්වරු වේය. රැස්වීමට සහභාගී වු ළමයින්ගේ අදහස වුයේ ගමේ වැඩිහිටියන්ගේ සහයෝගය මේ සඳහා ලබා ගත යුතු බවය.
මාසයක් ඇතුලත ගම් වැසියෝ විශාල සංඛ්‍යාවක් පුස්තකාලය ඇරඹීමට අවැසි පොත් මිලදී ගෙන දීමට පොරොන්දු වුහ. ගමේ සිටිය එක් මහා දාන පතියෙකු අපගේ යෝජිත පුස්තකාලය සඳහා අවශ්‍ය ගෘහ භාණ්ඩ සපයා දුන්නේය. අනෙකුත් බොහෝ අය පොත් පරිත්‍යාග කළහ.
අනතුරුව අපි ළමා පුස්තකාළය ආරම්භ කළෙමු. අපේ ප්‍රදේශය අයත් දිසාපති තුමත් පුස්තකාලය විවතෙ කර යද්දි අපට හොඳ ගොඩනැගිල්ලක් සහ වෙනත් බොහෝ දේවල් ලබා දෙන බව පොරොන්දු වුයේය.ආරම්භයේදි අප එය පටන් ගත්තේ පන්සලේ දහම් ශාලාවේය. අණ්ඩුවේ නිළධාරිගේ සහ ගම්මුන්ගේ සහයෝගය අපට ලබා දීමට ඉහළ කාර්යභාර්යක් ඉටු කරන ලද්දේ පොඩි හාමුදුරුවන් විසිනි.
අද අපට සියළු පහසුකම් සහිත පුසත කාලයක් ගමේ පිහිටා තිබේ. එය සෑම දිනකදීම පාසල් වේලාවෙන් පසු සැදැවේලාවේදි විවෘතව තිබී.දැන් අපට පොත් පත්ද දින පතා පුවත් පත්ද සඟරාද කියවීමට හැකිය. ළමුන් සැමට පොත් පත් හා පත්තර කියවීමට හැකි පරිදි පුස්තකාලයක් අප විසින් ආරම්භ කිරීම පිළිබද තමා ආඩම්බර වන බව අපේ විදුහල්පති තුමා කීවේය. තවද මිනිසා කියවීම තුලින් සම්පුර්ණ මිනිසෙකු කරයි යන්නද ඔහු සිහිපත් කරයි.
",False,,,,,,,,,,100.0
G5_003,5,අසරණ මිනිසුන්ට උදවු කළ යුතුයි,"අසරණ වු මිනිසුන් බොහෝ ප්‍රමාණයක් අපේ රටේ සිටිනි. අසරණයන් යනු යාචකයන් පමණක්ම නොවේ. යම් යම් අවස්ථාවලදී දුකට පත් තවත් පුද්ගලයන් සිටිය හැකි. කෙනෙකුට අත දීමට කෙනෙකු නොසිටිය හොත් කරදයකට ඇද වැටුණු විට ඔහු අසරණ වේ. එබැවින් එසේ අසරණ, දුගී තැනැත්තාට යම් කිසි සේවාවක් කිරීම අපේ යුතුකමකි.
ස්වාභාවික විපත් නිසා දුකට පත් වුන මිනිසුන් ඕනැතරම් සිටිති. මානසිකව හා කයිකව අභාදයට ලක් වූ මිනිසුද අසරණයන්ය. මෙවැනි මිනිසුන්ට උදව් කිරීම අගනා පුරුද්දකි.
යාචකයා නිසකයෙන්ම අසරණ පුද්ගලයෙකි. ඔවුන්ගෙන් වැඩිමනත් දෙනා තමන්ගේ එදිනෙදා පැවැත්ම සඳහා රැකියාවල නොයෙදේ. එම නිසා ඔවුන්ට මුදල් උපයා ගැනීමට මඟක් නොමැත.ඔවුහු තමන්ගේ පවුලේ අසරණ වූ සාමාජීකයන් වෙනුවෙන් ආහාර, ඇදුම් පැළඳුම් හා මුදල් ඉල්ලා යදිති. එම නිසා උදව්වක් ඉල්ලා ගෙන ඔවුන් අප වෙත පැමිණෙන විටදී උපකාර කිරීම අපගේ යුතුකමකි.
අපේ රට පොහොසත් රටක් නොවෙයි. තමන්ගේ දෛනික ආහාර වේල පවා සකස් කර ගැනීමට නොහැකි මිනිසුන් බොහෝ දෙනෙකු මෙහි සිටිති. තවත් සමහරුන්ට සිරුර වසා ගන්නට කිසිවක් නොමැත. සමහරුන්ට නිවාස නොමැත. අසරණ යාචකයෝ රාත්‍රී කළ නඟරයේ පදික වේදිකාවේ ගත කරති. සමහරක් වියපත් පුද්ගලයෝද අසරණත්වයට පත් වී සිටිති.
සමාජ සේවා දෙපාර්තමේන්තුව මේ අසරණ මිනිසුන්ට උදවු කිරීමට උත්සාහ දරයි. එය ඔවුන්ගෙන් සමහරකට සහයෝගය ලබා දෙයි. බොහෝමයක් අසරණ පුද්ගලයෝ රජය මගින් සමධි සහනාධාර ලබති. එ ඉතා සුළු මුදල ඔවුන්ගේ ජීවිකාව සඳහා ප්‍රමාණවත් නොවේ. ධනවත් පුද්ගලයන් උදවු කළ යුත්තේ මේ නිසාය.
අසරණ මිනිසුන් දෙස නිකමටවත් නොබලන ධනවත් පුද්ගයෝ බොහෝ සිටිති. ඔවුහු අඩුම තරමින් කෑමට අහරක් වත් නොදී යාචකයන් එළවා ගනිති. එය ඉතාම නරක සිරිතකි. කුඩා දරුවන් ලෙස අපි අසරණයන්ට හැම විටම පිහිට වීමට උත්සාහ දැරිය යුතුයි.
",False,,,,,,,,,,100.0
G5_004,5,දුම්රිය ගමන් ,"මගේ පවුලේ උදවිය වසරේ වැඩිම කාලයක් ගත කරන්නේ කොළඹය. එසේ නමුදු සෑම වසරකම උණුසුම් වැඩි කාල වලදී අපි කඳුකරයට ගොස් කාලය ගත කොට පැමිණෙන්නෙමු.
අපි උදෑසන දුම්රියට ගොඩ වුයේ කෑමට කෙටි ආහාර සහ අපගේ පිපාසය සංසිඳවීමට ලොකු වතුර බෝතලයක්ද රැගෙනය. පොල්ගහවෙල දුම්රිය ස්ථානයට පැමිණීමට පෙර අපි අපගේ උදේ ආහාරය අර ගත්තෙමු. වාර්ෂිකව යන මේ ගමනේ අපට දැක ගත හැකි කිසිඳු අළුත් යමක් නොතිබුණි. උදේ කාලයේදී කඳුකරයට ලං වෙද්දී දේශගුණය සිසිල් බවට පත් විය. නමුදු දහවලේදි නම්, එය තරමක් උණුසුමින් යුක්ත වුයේය. අපගේ ගමන් මඟ අතර මගදී කඩල හා වෙනත් රස කැවිලි මිලදී ගැනීමට අප පුරුදු වී සිටියෙමු.
අපේ ගමනේ වඩාත්ම සුන්දරතම බලාපොරොත්තුව වුයේ තේ වතුවල දසුන් හා කොළ පැහැයෙන් වැසි ගත් කුඹුරුය. අපේ ගමනාන්තය වූ මහනුවරට ළඟා වීමෙන් පසු අපි දුම්රියෙන් බැස ගතිමු. අපේ බඩු බාහිරාදිය ද සමග ත්‍රිරෝද රථයක් සොයා ගැනීමට උත්සහා ගත්තේ නගරයට යෑම පිණිසය. ත්‍රිරෝද රථයට නැගීමෙන් අනතුරුව අවට පිහිටි කදිම ගොඩනැගිලි දෙස බලමින් අභිමානවත් හැඟීමෙන් යුතුව අපි ගමන් කළෙමු. කුඩා ළමුන් ලෙස නුවරට ලඟා වීමෙන් පසු අපට දැනුනේ අළුත් ලොවකට පැමිණියා වැනි හැගීමකි. නුවර සැම පාරක්ම ගමන් කළේ කඳු වටාය. අප එහි නැවතී සිටි කාලය තුල රසවත් කඳුකර තේ කොප්පයක රස බැලීමද අමතක නොකළෙමු.
",False,,,,,,,,,,88.43
G5_005,5,මා වඩාත්ම කැමති ක්‍රීඩාව,"මා වඩාත්ම කැමති ක්‍රීඩාව වන්නේ පාපන්දුය. මා මෙම ක්‍රීඩාවට කැමති වන්නේ එය වේගවත් ක්‍රීඩාවක් බැවිනි. මෙහිදී කණ්ඩායම් දෙකක පිරිස ලෙස සිටින විසි දෙනෙකු විසින් සුපරික්ෂාකාරිව ක්‍රීඩා කරනු ලබති.
මෙම ක්‍රීඩාවේදී වටකුරු සම් ආවර්ණයකින් යුතු, සුළං පිරවු, රබර් බෝලයකට පද සහ හිස පමණක් භාවිතයෙන් පහර දීම සිදු කරයි. මෙම ක්‍රීඩාව කරනු ලබන්නේ සමාන්‍යයෙන් යාර 115 ක පමණ දිගින් හා යාර 75 ක් පළලින් යුතු විශේෂ ක්‍රීඩා පිටියකය. පාපන්දු ක්‍රීඩා පිටියේ පන්දු යැවෙන ගෝල් ප්‍රදේශය යාර 8ක් පළලින් යුතු අඩි 8 ක් උසැති හරස් යකඩ කණු ආවර්ණයකින් යුතු වෙයි.
මට වයස 14 ක් වූ කාලයේදී මම මේ ක්‍රීඩාව කෙරෙහි සිත් ඇත්තෙකු වීමි. පාසැලේ 16 න් පහළ පාපන්දු කණ්ඩායමේ මම ක්‍රීඩා කළෙමි. මෙම ක්‍රීඩාව පවත්වා ගෙන යන්නේ පැයක කාලයක් තුලය. ක්‍රම ක්‍රමයෙන් පාසැලේ 19 න් පහළ කණ්ඩායමට ඇතුලත් වුයේය. දදිස්ත්‍රික්ක පාපන්දු කණ්ඩායමට මා තෝරා ගැනීමෙන් පසුව ක්‍රීඩාව කෙරෙහි තිබු කැමැත්ත බෙහෙවින් වැඩි වූයේය. මම සෑම උදෑඝනකම හා හැන්දෑවකම පුහුණු වීම් කරන්න පටන් ගත්තෙමි. 2003 වර්ෂය මගේ ජීවිතයේ ප්‍රීතිමත්ම වසරයි. ඒ මා ලංකාවේ තරුණ පාපන්දු කණ්ඩායමට තෝරා ගත් වසරයි. මැලේසියාවේ පේහැන්ග් හි පැවැති පස්වන ආසියානු යොවුන් පාපන්දු තරඟාවලියට සහභාගී වීමට මට අවස්ථාව ලැබිණි.
මගේ ස්ථානය වූයේ වම්පස පිටත තීරුවයි. එය මට ලකුණු ලබා දීමට අවස්ථාව උදා කර දුන්නේය. ක්‍රිකට් ක්‍රීඩාවෙන් අපි ජත්‍යන්තර ජයග්‍රහණ හිමි කර ගත් ලෙසින්, පාපන්දු ජයග්‍රහණ ද ලබා ගැනීමට අපට හැකි නම් යැයි මම ප්‍රර්ථනා කරමි.
",False,,,,,,,,,,91.73
G5_006,5,බෝට්ටුවකින් ගමන්,"ගංගවක් ඔස්සේ බෝට්ටුවකින් ගමන් කිරීමේ අදහස පසු ගිය සතියේ පළමු වරට මා සිත තුල පිළිසිඳුණි. එ අපේ ගුරුතුමිය බෝට්ටු චාරිකාවක් පිළිබඳ කළ කතා බහ නිසාය.
මේ අතර තුර අප පාසැල් සුභසාධක සමිතියේ සංවිධායකයෝ ළමුන් ගාළු ප්‍රදේශයේ සංචාරයකට රැගෙන යාමට අදහස් කලහ. ඔවුන් ළමයින්ව බෝට්ටු චරිකාවක් රැගෙන යාමට සැලසුම් කර ඇති බව මට දැන ගන්නට ලැබුණි. මා එවැනි බෝට්ටු චාරිකාවක නිරත වී නැති හෙයින් මට මහා සතුටක් දැනුනි.මගේ මිතුරෝද නොදුරේ එන චාරිකාව පිළිබඳ බොහෝ සතුටට පත් වී සිටියහ.
නියමිත දිනයේදි අපි පෞද්ගලික බස් රථයකින් ගාළු බලා චාරිකාව ඇරඹුවෙමු. මර්ටින් වික්රමසිංහයන් විසින් රචනා කොට තිබු ජනප්‍රිය නව කතාව වු ""මඩොල්දූව "" කියවා තිබු ළමෝ සියළු දෙනාම මඩොල්දූවට යාමට ප්‍රිය කළහ. මෙය අපගේ චාරිකාවේ වැඩ සටහනට සංවිධයක වරුන් විසින් ඇතුළත් කර තිබුණි. මේ කුඩා දූපත බලා ගැනීමට අපි පුල පුල බලා සිටියෙමු.
මඩොල්දුවෙන් බෝට්ටු පැමිණෙනු දුටු මම බෙහෙවින් සතුටට පත් වුයෙමි. කුඩා ළමෝ ඔවුන්ගේ මව්පියන් හෝ ගුරුවරුන් සමඟ බෝට්ටු තුලට ගොඩ වුහ. බොට්ටුව පදවන්නා ඇංජිම පණගන්වද්දි මම උද්දාමයට පත් විමි.
පළමුව අපේ බෝට්ටුව ගාළු වරාය සමීපයේ තිබුණු කුඩා දූපතක් වූ මඩොල් දූව වටා එක් වටයක් රැගෙන ගියේය. මඩොල්දූව දුටු විට සැනෙකින් මගේ මතකයට නැගුණේ උපාලි සහ ජින්නාය. ඔවුන්ගේ වීර ක්‍රියාය. ජින්නා පොල් සම්බලයක් සහ කුම්බල කරවල හොද්දක් සමඟ බත් කෑ හැටිය. මඩොල් දූව චාරිකාව මා වඩාත්ම ප්‍රීතියට පත් වු අවස්ථාවකි. මගේ මිතුරන්ද සිටියේ ප්‍රීතියෙනි. අපගේ දෑත් වතුරට නොදමන්න යැයි අපේ ගුරුවරු අපට කිවේ අනතුරු ඇති විය හැකියි ඔවුන් තුල වූ බිය නිසාය.
මඩොල්දූව නරඹා අවසන් වී අපි ආපසු පැමිණි කළ තවත් බොට්ටුවක් අප වෙනුවෙන් සුදානම් කොට තිබෙනු දුටුවෙමු. එහි සිටි පදවන්නා වඩාත් හොඳ කර් යශූර පුද්ගලයෙකි. අපි බොහෝ වේගයෙන් ගියෙමු. කිසිඳු අභාග්‍යයකට මුහුණ නොපාම දිවා ආහාරය සඳහා ගං ඉවුරට පැමිණීමට අපට හැකි වුණි. ඒ ප්‍රීතිමත් ගමන මට කිසිදා අමතක නොවේ.
",False,,,,,,,,,,100.0
G6_001,6,හීනයක් ,"ඊළඟ ඉසව් ....... ශබ්ද විකාශන යන්ත්‍රයේ හඬ මට අපැහැදිලිය. යන්න දරුවා ඉක්මනට ආරම්භක ස්ථානයට යන්න. ගුරුතුමිය මට කීවාය. මම කඩිසර ගමනින් තරඟ ආරම්භ ක
ස්ථානයට ගියෙමි.
ආරම්භක නිලධාරී අපට මං තීරු නම් කළේය. මම තෙවෙනි මං තීරුවේ ආරම්භක ඉර පිටු පසට ගියෙමි. තවත් පාසල් කිහිපයක තරගකරුවෝද ආරම්භක රේඛාව පසු පස සිටිති.
තරඟය ආරම්භ කිරීමට පෙර තරඟ කොන්දේසි කියනවා යාන්තමින් මට ඇසිණි. ඒ සමගම සැරසෙන් විධානය ඇසුණි. මම ආරම්භක ඉර පිටුපසට ගොස් තරඟය සඳහා සූදානම් වුණෙමි. එල්ල වෙන් විධානය සමඟ ඇසුණු වෙඩි හඬට මම ඉදිරියට පැන් දුවන්නට වුණෙමි.
මා අසලින්ම කවුදෝ එනවා දැන් මා පරාද වෙයි මම දෙපයට වාරු ගෙන ඉගිලුණෙමි. මා අසලින්ම ආ නරඟ කරුවා මගේ ඇඟේ හැප්පෙනවා සේ දැනුණි. එවිටත් මම ජයග්රාහී ඉලක්කය පසු කර තිබුණි. මට දැනුණේ මා විසි වී ගොස් බිම වැටෙන බවයි.
අයියෝ අම්මේ........... මම කෑ ගැසුවද හඬ පිට නොවුණි. එහෙත් අම්මා මගේ හිස අතගානවා දැනී මම අවදි වුණෙමි.
ඇයි දුව බය වුණාද? දුව හීනයක් දැකලා අම්මා මා තුරුලු කර ගත්තාය
",False,,,,,,,,,,70.75
G6_002,6,සීගිරිය,"ඈතදීම සතුරන් දැක ගැනීමට කාශ්‍යප රජු තැනු බල කොටුවයි. මේ එහි තිබෙන චිත්‍ර අප රට සිටි නිර්මාණ කරුවන්ගේ දක්ශකම ලොවම කියා පායි. චිත්‍ර නරඹා වශී වූවන් කැටපත් පවුරේ ලියු කුරුටු ගී රැසකි. එය වටා ඇති දිය හා නල මාර්ග අද
ඉන්ජිනේරුවන් පවා විස්මයට පත් කරවයි. ඒ පව්ව මුදුනෙ වු රජ මාලිගාවේ නටඹුන් අද ද දැක ගත හැක.
සීගිරිය නැරඹීමට එන දෙසි විදෙස් සන්චාරකයන්ගේන් නිතරම මෙය අතුරු සිදුරු නැතිව පිරියයි.
",False,,,,,,,,,,43.58
G6_003,6,අලුත් පාරක්,"දිනක් අපේ ගමට මිනින්දෝරු කණ්ඩායමක් පැමිණ බිම් මැන කූඤ්ඤ ගසා බිම සලකුණු කළහ. ගම් වැසියෝ ගම හරහා අලුත් පාරක් ඉදි වන බව පැවසුහ. සමහරු පාර කැපෙනවාට කැමති වූ අතර සමහරු විරෝධතාවයද පෑහ.
බර වාහන පෙළක් ගමට පැමිණියේය. ඩෝසර, ගල් රෝල, ආදී නවීන යන්ත්‍ර සූත්‍ර රැසක් සමග වැඩ කරන මිනිස්සු ගමට පැමිණියහ. ගමේ බොහෝ දෙනෙක් ද පාරේ රැකියාවට ගියහ.
කෙමෙන් සති මාස ගණන් ගෙවි ගියේය. අලුත් පාර සදා නිම විය. අලුත් පාර මංතිරු හතරක් පමණ තිබේන ඉතා පුළුල් පාරක් විය. එය දක්ෂිණ අධිවේගී මාර්ගය ලෙස නම් කෙරුණි.
ශ්‍රි ලංකාවේ පළමු අධිවේගී මාර්ගය අපේ ගම හරහා ඉදි විය. එහෙත් ඒ පාර පදිකයින්ට හා යතුරු පැදි, පාපැදි, ත්‍රීරෝද රථවලට තහනම් ය. එම පාරට ඇතුළුවීමට හා ඉන් පිට වීමට ප්‍රවේශ දොරටු පිහිටුවා ඇත. කොළඹ කොට්ටාවෙන් ඇරඹෙන මෙම සුවිශේෂි පාර ගාල්ලෙන් අවසන් වෙයි.
පාරේ ගමන් ගන්නා වාහන වලට පැයට කිලෝමිටර සියයක උපරිම වේගයකින් ගමන් කිරීමට අවසර ඇත. පාර පරිහරණය කිරීම වෙනුවෙන් ගස්තු අය කෙරෙයි.
",False,,,,,,,,,,71.41
G6_004,6,ගොළුබෙල්ල,"රාත්‍රී කාලයට ගෙවත්තේ පැළ කා දැමීමට එන අමුත්තෙකු පිළිබඳව අපි පරික්ශාවෙන් සිටියෙමු.
ඉර බැස ගොස් කරුවල වැටෙනවාත් සමග මේ අමුත්තා සැඟවී සිටි තැනින් එළියට ආවේ ය.උ හිස මත වු සංවේදී ස්පර්ශක දිගු කොට අවට පරීක්ෂා කරන්නට විය. කරදරයක සේයාවක් නොදුටුවෙන් පැළ තවාන වෙත හෙමින් හෙමින් ලිස්සා යන්නට පටන් ගත්තේය. සාරු මතින් ලිස්සා යන මෙම ගමන ඉතා අසිරු ගමනක් විය.
ගොළුබෙල්ලා පැලැටි ආහාරයට ගන්නා අහිංසකයෙකි. උට ගොවියාගේ සතුරා යන නම පට බැදි තිබේ. ගොළුබෙල්ලගේ පරම සතුරා ඇටිකුකුළාය. දහවල් කාලයේ උණුසුම ගොළුබෙල්ලා විඩා පත් කරයි. එබැවින් උ දහවල් කාලයට සැගවී සිටි. උගට ආපදාවක් පැමිණෙන විට සැගවී සිටිමට බාහිර කටුවක් උගේ ශරීරයේ නිර්මාණය වී තිබේ.
හෙමින් වැඩ කරන විට "" ගොළුබෙලි ගමන "" යයි සමහරු කියති.
",False,,,,,,,,,,60.06
G6_005,6,නියගය,"සති ගණනවක් එක දිගට තදින් පායන්නට විය. මහ පොළොව වියළි ඉරි තලා ගොසිනි. දිය කඩිති සිඳි ගොසිනි. මහා ගංගා ගලා නොබසි, වාලුකා කාන්තාර සේ පෙනෙයි.
නියගයට අසු වූ ගහ කොළ වියලි ගොස් දර අකුල් බවට පත්ව තිබේ. ගොවි තැන් පාලු වී යාම නිසා මහ ජනතාව අසිරුතාවන්ට මුහුණ දෙති. ඔවුහු පානිය ජලය සොයා ගව් ගණන් දුර ඇවිද යති.
විඩාවට පත් ජනතාව වැසි ඉල්ලා දෙවියන්ට කන්නලව් කරති. පුද පූජා පවත්වති. රජයේ නිලධාරීහු පැමිණ ගමට නියං සහනාධාර බෙදති. වියලි ආහාරයන්ට අමතරව පැතිර යන රෝග වළක්වා ගැනීමට උපදෙස් සපයති.
නියං රකුසා කෝපයට පත්ව කරනු ලබන විනාශාය කවදා නිම වෙයිද ? නිල් අහස කළු වළාකුලින් පිරිණි. විදුලිය කොටා අහස ගුගුරන්නටද විය. විපතට පත් මිනිස්සු සතුටින් අහස දෙස බලා සිටිති. "" හැම දා නියං එක දා වැහි වලාවේ "" නියගය අවසාන කරමින් මහා වැසි පතිත විය.
",False,,,,,,,,,,64.42
G6_006,6,වෙල් යාය,"මම මහා වෙල් යායක, ගොයම් කරලේ එක් බිජයක් වෙමි. මගේ පිට හම දහයියා' ලෙස ගොවියෝ හඳුන්වති.
මෝල් ගසෙන් ගසා මගේ පිට හම ඇර ගන්නා ගෙවිලියෝ, මා හොදින් නහවා පිරිසිදු කොට සැලියක දමා තබති.
එ හැම වේදනාවක්ම මම මැදිහත් සිතින් විද දරා ගනිමි. තම්බා ගත් මා ඊළගට යන්නේ දීසියක් මතින් කෑම මේසයටය.
මිනිස්සු වෑංජන සමග රස කරමින් මා බුදිති. මිනිසාගේ කුස ගිනි නිවීමට මා උපන් නිසා මම එය කරදරයක් ලෙස නොසැලකමි.
විටක හාල් කියාද තවත් විටක බත් කියාද අමතන මම ඔබේ හිතාදර කුඩා වී ඇටය වෙමි.
",False,,,,,,,,,,46.56
G7_001,7,අප අවට පරිසරය,"අප අවට පරිසරය අපගේ සෞඛ්‍යය කෙරෙහි දැඩි බලපෑමක් ඇති කරයි. අප අවට පරිසරයන් අපේ වට පිටවත් යහපත් නොවේ නම් අපට සෞඛ්‍යය සම්පන්න ජීවිතයක් ගත් කිරීමට නොහැකිය. අපේ වට පිටාව සෞඛ්‍යය සම්පන්න නොවුන හොත් දූෂිත පරිසරය නිසා අපට කොළරාව, කහ උණ, අජීර්ණ වැනි විවිධාකාර වූ රෝග වලට බඳුන් වනු ඇත.
අපේ නිවාස. අපේ ගෙවතු සහ මුළු මහත් පරිසරයම පිරිසිඳුව තබා ගැනිම අප විසින් කල යුතුව තිබේ. හිරු එළිය මිනිස් සිරුරට බෙහෙවින් වැදගත් වේ. එම නිසා අපේ නිවාස තුළට හිරු කිරණ වැටීමට ඉඩ සැලැස්වීම නො වැදගත්ය.
උදෑසන පිරිසිඳු වාතශ්‍රය ලබා ගත යුතුය. රාත්‍රියට අප නින්දට යන විට තද බවද ඇහැරුණු කාමර වලට වඩා සුව පහසු ඉඩ පහසුකම් සහිත කාමර වඩාත් සෞඛ්‍යය සම්පන්න වේ.
පිරිසිඳුභාවය සෑම අයෙකුටම අවැසිය. ගම්බද ජනතාව මේ මුලධර්මය පිලිබඳ එතරම් සිතන්නේ නැත. එසේ වුවද පිරිසිඳු වාතශ්‍රය ලැබීමේ වාසිය ඔවුනට නිසගයෙන්ම හිමි වේ.
නොව
අඛණ්ඩව කෙරෙන පරිසර දූෂණයෙන් යුතු නාගරික පෙදෙස් වල වෙසෙන අය මෙන් ගම්බද පරිසරයේ ජීවත් වන මිනිසුනට නිතරම පිරිසිදු වාතය, ජලය ලැබේ. නාගරික ප්රදේශ වල වාතයේ ඇති කබන්ඩයොක්සයිඩ් ප්‍රතිශතය ගම්බද ප්‍රදේශයේ වාතයට වඩා වැඩිය. මන්ද යත් නගරයේ ඇති තද බදයත් අධික ප්‍රමාණයකින් කර්මාන්ත ශාලා පිහිටා තිබිම හා වාහන භාවිතය අධික වීමත් නිසාය.
අප කොතැනක ජීවත් වුවද අප සැම විටම සැළකිලිමත් විය යුත්තේ අපගේ වට පිටාවන් පරිසරයත් පිළිබඳවය. අපට යහපත් සෞඛ්‍යය පිළිබඳ සැළකිලිමත් අසල් වැසි පිරිසක් සිටී නම් යහපත් නීරොගී සම්පන්න ජීවිතයක් ගත කිරීමට අපහසු නොවේ.
යහපත් සෞඛ්‍යයක් සඳහා අවට පරිසරය පිරිසිඳුව තබා ගැනීම කුඩා දරුවෙකු ලෙස අපට නිවසින් ආරම්භ කළ හැක. වතුර රැදෙන භාජන ඉවත් කර කාණු ශුද්ධ කර කුණු රොඩු පුලුස්සා නිස හා අවට පිරිසිඳුව තබා ගැනීමට අපට පුලුවන. එය පාසල, පන්සල දක්වා ව්‍යාප්ත කළ හැකි අතර ඒ සඳහා අපගේ මිතුරන්ද සහභාගි කරවා ගත හැක. එලෙස පිරිසිඳු පරිසරයක් තුලින් අපගේ සෞඛ්‍යය රැක ගැනීම අප අපටම කර ගන්නා ආශිර්වාදයකි.
",False,,,,,,,,,,100.0
G7_002,7,ඖෂදීය පාන,"ශ්‍රී ලංකා වාසී අපට බොහෝ පාන තිබේ. මත් පැන් ලෝලීන් රා, අරක්කු, විස්කි හා නීති විරෝධී මත් පැන් ඔවුන්ගේ රුචිකත්වය අනුව තෝරා ගෙන පානය කරති. බොහෝමයක් සමාන්‍ය ජනතාව තේ හෝ කෝපි පානය කරති. ඒ තුල ඇලකොහොල් අන්තර්ගත නොවේ. නමුදු ඒවා තුලින් ශරීරයට තාවකාලික වූ ශක්තියක් ලබා දෙයි.
නිසකයෙන්ම මත් පැන් ශරීර සෞඛ්‍යයටත් පසුම්බියටත් සමාජයටත් එකසේ අහිතකර දෙයක් වෙයි. කෝපි සහ තේ ශරීරයට ස්ථිර ශක්තිමත් බවක් ලබා නොදෙයි. මෑතකදී විද්‍යාඥයින් විසින් සොයා ගන්න ලද කාරනයක් වන්නේ තේ මිනිස් සිරුරේ අස්ථි ශක්තිමත් කිරීමට දායක වන බවයි. මෙය වුවද තවමත් පර්යේෂණ මට්ටමේ පවතින සැකයක් පමණි.
ඖෂදීය පාන ඕනෑ තරම් අප රටේ තිබේ. බටහිර ජාතිකයිනට මෙම ඖෂධීය පාන බොහෝමයක් නොලැබේ.ආයුර්වේද වෛද්‍ය ක්‍රමයට අනුව මෙම ඖෂධීය පාන ශරීරය ශක්තිමත් කරන අතරම අපගේ ශරීරය තුලට යහපත් සෞඛ්‍යයක් සහතික වශයෙන්ම ලබා දෙයි. මෙම පාන තුල ඖෂධමය වටිනාකමක්ද ඇති බව සොයා ගෙන තිබේ. ඇතැම් රෝග වලට ප්‍රතිශක්තියක් ද ලබා දීමට මේවාට හැකියාව ඇති අතරම ආහාර දිරවීමේ ශක්තියද වැඩිදියුණු කරයි. කැද බොහෝ ගුණ සහිත පානයකි. ඒවා සැකසීමද ඉතාමත් පහසුය.
ඇතැම් වර්ග වල ශාඛ තැම්බීමටද අපට හැකිය. බෙලි මල්, රණවරා, පොල්පලා, ඉරමුසු ආදී ශාක සතුව ඉහල ඖෂධීය ගුනයක් ඇත. ඇතැම් පවුල් වල දෙමාපියෝ තම දරුවන්ගේ සෞඛ්‍යය සම්පන්න භාවය තහවුරු කිරිමට මේවා සකසා දෙනු ලබති.එම ළමුන් ශක්ති සම්පන්නව වැඩේ. කැඳ පානයෙන් පිපසය සංසිදෙන අතරම එය හොඳ ආහාරයක්ද වේ. සෑම උදෑසනකම ඔබ කොළ කැඳ කොප්පයක් පානය කළ හොත් ඔබට අවැසි නම් ඔබේ උදෑසන ආහාරයද අමතක කර දැමිය හැකි.
ගම්බද ජනතාව පුරුද්දක් වශයෙන් දිනපතා උදෑසන කොළ කැඳ කොප්පයක් පානය කරති.
මත් පැන් තේ හෝ කෝපි මිලදී ගැනීමට යම් කිසි මුදලක් වැය කිරීමට අපට සිදු වේ. නමුදු කොළ කැඳ සැකසීමට කිසිඳු මුදලක් වැය නොවේ. අවැසි පැළෑටි වර්ග අප අවට වට පිටාවෙන්ම කිසිඳු මුදලක් වැය නොකර සොයා ගැනීමට අපට හැකිය. ශ්‍රී ලංකාව වැනි දුප්පත් රටක ජනතාව අඩු තරමින් එක කොළ කැඳ කොප්පයක්වත් පානය කිරීමට උත්සහ ගත යුතුය. එය කුඩා ළමුන්ටද යහපත් දෙයකි.ඖෂධීය පාන වෛද්‍යවරයා ඔබෙන් ඈත් කර තබයි.
",False,,,,,,,,,,100.0
G7_003,7,නිදහස් වෙළද කලාපය,"නිදහස් වෙළද කලාපය අපේ රටේ ආර්ථිකය නගා සිටුවීමට ඉමහත් රුකුලකි. බියගම, කටුනායක සහ කොග්ගල අපගේ නිදහසස් වෙළද කලාප අතර වේ. රටක් සංවර්ධනය සඳහා දේශීය හා විදේශීය ආයෝජනය කිරීම මගින් දැවැන්ත කාර්ය භාර්යක් ඉටු කරයි.
මෙම නිදහස් වෙළද කලාප රැකියා විරහිත භාව විසදීම සඳහා දැවැන්ත පිටිහලක් වී තිබේ. නිදහස් වෙළද කලාප තුල කුඩා ප්‍රමාණයේ සහ මහ පරිමානයේ කර්මාන්ත ඇත. දක්ශතා සහිත මිනිස්සු මෙම කර්මාන්ත වල නියැලි වඩා යහපත් ප්‍රථිපල ඒවා තුලින් අත්කර දීමට සැලකිලිමත් විය යුතුය. එවැනි තත්වයෙන් වඩාත් උසස් භාණ්ඩ නිපද වීම සඳහා උසස් තක්ෂනික ශිල්ප ක්‍රම යොදා ගත් යුතුය. තත්වයෙන් වඩාත් උසස් නිෂ්පාදන පිට රට යැවීම තුලින් අපට විදේශ විනිමය සොයා ගත හැකිය.
නිෂ්පාදන තුලින් ලාභා උපදවා ගැනීමට නම් සේවකයන් දිරිමත් කිරීම උදෙසා වඩා ආකර්ශනීය වැටුප් ඔවුනට ලබා දිය යුතුය. මෙම නිදහස් වෙළද කලාප සංකීර්ණයේ වඩාත් ඉදිරියෙන් සිටින්නේ නිමි ඇදුම්
නිෂ්පාදකයෝය. අනෙකුත් කර්මාන්ත අතර මේ කර්මාන්තය, රූපවාහිනි, ගුවන් විදුලි මොටර් රථ අමතර කොටස් නිෂ්පානය අදිය සිදු කෙරේ.
අපගේ අරමුණ විය යුත්තේ දේශිය ආයෝජනය වඩ වඩා පුළුල් කිරිමයි. එ තුලින් නොදුරු අනාගතයේදි අපේ රටේ ආර්ථික දියුණුවක් ඇති කල හැකිය
",False,,,,,,,,,,78.34
G7_004,7,සඳ තරණ,"මගේ ළමා කාලයේ සිටම මට අසා දැන ගන්නට ලැබුණේ ඇමරිකානුවන් සඳට ගොස් ආරක්ෂිතව යලි පැමිණි බවයි. පළමුව සඳ මත පා තැබු තැනැත්තා නීල් ආම්ස්ට්‍රෝය. ඔහු සිඳට ගියේ මයිකල් කොලින්ස් හා එඩ්වින් ඕල්ඩ් රින් නැමති අනෙක් අජටාකාශ ගාමීන් දෙදෙනා සමඟය. මෙය සිදු වූයේ 1969 දීය. ඔවුන්ගේ පළමු සඳ තරණයෙන් පසුව ඇමරිකාණුවෝ යළි කිහිප වතාවක්ම සඳට ගොඩබටහ.
සඳට යන්නට අවස්ථාවක් ලැබෙතොත් මටද එහි යාමට ඇත්තේ අති මහත් ආශවකි. නමුදු ශ්‍රී ලංකවේ ජීවත් වන අපට ඒ සඳහා ඇත්තේ අඩු ඉඩකඩකි. කෙසේ වුවත් මට එවැනි අවස්ථාවක් උදා වුව හොත් කුමන තත්වයක් යටතේ වුවද මම එය අහිමි කර නොගනිමි.
ඔවුහු මට රොකට්ටුවකින් සඳට යාමට ආරාධනා කළහොත් පෘථිවයෙන් ඈත් වී යාමට පෙර මැනවින් සිදුකරන පුහුණුවක් මා ලබා ගත යුතුය. මන්ද වාර්තා වී ඇති පරිදි මිනිසාගේ පැවැත්මට මූලික වශයෙන් අවැසි ඔක්සිජන් වායූව එහි නොමැති නිසාය. මා සඳට ගිය හොත් විද්‍යාඥයින්ගේ අනුදැනුමින් යුතුව පලමුවෙන්ම කරනු ලබන්නේ පෘතුවිය දෙස බැලීමයි. විශේෂයෙන් ශ්‍රී ලංකව දෙස බැලීමයි. මා මෙය මගේ මිතුරෙකුට කී විට ඔහු සිනාසුනේ අපේ රට ඉතා කුඩා එකක් නිසාවෙන් එය ඉතා අපහසු කටයුත්තක් වන බව පවසමිනි.
කොහොම වෙතත් මට මගේ රට දැක ගැනීමට නොහැකි වුනත් මම අපේ රටේ විද්‍යාඥයින්ට සියළුම තොරතුරු සැපයමි. තවද මම මගේ යහළුවන්ටද තොරතුරු ලබා දෙන්නෙමි.
මම මා වෙත සපයනු ලබන නවීන විද්‍යාත්මක උපකරණ භාවිත කරමින් පර්යේෂණ කටයුතු වල නියැලෙන්නෙමි. මම එහි මිනිසුන්ට ප්‍රීතිමත් ලෙස ජීවත් වීමට ඇති හැකියාව පිළිබඳ සොයා බලමි. මම මගේ සාර්ථක සංචාරයෙන් පසු ශ්‍රී ලංකාවට පැමිණ මගේ අත්දැකීම් ඇසුරෙන් ග්‍රන්ථයක් ලියන්නෙමි. එම ග්‍රන්ථය සහතික වශයෙන්ම මට මුදල් උපයා දෙන ලංකාවේ වේගයෙන්ම අලෙවි වන පොත් අතරින් එකක් වනු ඇත.
",False,,,,,,,,,,100.0
G7_005,7,මුව දෙනෙක්ගේ,"මුව දෙනෙක්ගේ අවවාද නොඇසු මුව පැටවා වනයේ සැරිසරන්නට විය. උ හොදින් නිල්ල පෙනෙන යායකට ගොස් බඩ පුරා ලපටි තණකොළ කෑමට සිතුවේය. එහෙත් උට යාමට ලැබුනේ ටික දුරකි. වැද්දෙකු විසින් අටවා තිබුණු උගුලකට මුව පැටියා අසුවිය. උ දගලන්නට පටන් ගත්තේය. එවිට තව තවත් බැමි නද වෙන්නට විය. අන්තිමේදි මුව පැටියා මව් දෙනට ඇසෙන සේ මොර දෙන්න පටන් ගත්තේය. මුව දෙන වහ වහා පැටවා වෙත දිව ආවාය. මුව පැටියා උගුලකට අසුවී ඇති සැටි දුටු මුව දෙන හඩන්නට පටන් ගත්තාය.
එතනට ආ වැඩිහිටි මුවෙක් මුව පැටියාට යම් උපදෙසක් දී වැද්දා එනතුරු සඟ වී බලා
සිටියේය.
",False,,,,,,,,,,49.01
G7_006,7,මගේ රට ශ්‍රී ලංකාව්යි,"මගේ රට ශ්‍රී ලංකාව්යි. එය ඉන්දියන් සාගරයේ පිහිටි කුඩා දූපතකි. මෙය කෘෂිකාර්මික රටකි. මිනිසුන්ගෙන් වැඩි දෙනෙක් ගොවීන් ය.
ශ්‍රී ජයවර්ධනපුර කෝට්ටේ යනු ශ්‍රී ලංකාවේ අගනුවරයි. මගේ රටේ ජනගහනය මිලියන විස්සක් පමණ වේ. ශ්‍රී ලංකාවේ ප්‍රජාවන් කිහිපයක් ඇත. ඔවුන් සිංහල, දෙමළ, මුස්ලිම් සහ බර්ගර් ජාතිකයන් ය.
පිදුරුතලාගල උසම කන්ද වන අතර මහවැලි යනු ශ්‍රී ලංකාවේ දිගම ගංගාවයි. අපි නිදහස ලැබුවේ 1948. මගේ රට අද ජනරජයක්. අපේ ජාතික ගීය ‘ශ්‍රී ලංකා මාතා ශ්‍රී ලංකාවේ නිල භාෂා සිංහල, දෙමළ සහ ඉංග්‍රීසි වේ.
අපේ ජාතික කොඩියට කියන්නේ සිංහ කොඩිය කියලාය. අපේ ජාතික පුෂ්පය නිල් මානෙල්, අපේ ජාතික ගස නා ගසය. ජාතික පක්ෂියා වළි කුකුළා වන අතර ජාතික සත්වයා දඩු ලේනාය. අපේ ජාතික ක්‍රීඩාව වොලිබෝල්. නමුත් ලංකාව ක්‍රිකට් වලට ප්‍රසිද්ධයි. ලෝකයේ හොඳම කණ්ඩායම් අතර ශ්‍රී ලංකාව ද සිටී.
මගේ රටේ සංචාරක ආකර්ෂණ ස්ථාන රාශියක් තිබෙනවා. දිය ඇලි, අභය භූමි, උද්භිද උද්‍යාන සහ වැලි සහිත වෙරළ ඉන් කිහිපයකි. මම මගේ රටට ගොඩක් ආදරෙයි.
",False,,,,,,,,,,68.96
G7_007,7,"පොදු දේපල රැක ගනිමු
","සෑම පුද්ගලයකුම තමන්ට පෞද්ගලිකව අයත් දේපල හොදින් රැක බලා ගනිති. ප්‍රවේසම් කර ගනිති. එහෙත් පොදුවේ සෑම දෙනාටම අයත් දේපල ගැන කිසිම අයුරකින් රැක ගැනීමක් හෝ ඒ පිලිබදව අවදානයක් හෝ නොදක්වති. පාසල් බස් රථය දුම්රිය නොමිලේ දෙන පාසල් පොත් පාසල් බංකු ගොඩනැගිලි රෝහල රජයට අයත් ආයතන මේ සියල්ලක්ම පොදු දේපල වේ. ඒවා රැක ගැනීම අප අපටම කර ගන්නා වු යහපත් ක්‍රියාවලියකි. නො එසේ නම් ඒ දේපොල විනාශ වීමේන් යථා තත්වයට පත්කර ගැනීමට අවශ්‍යය. මුදල් වැය වන්නේද අප වෙතින්ම ලබා ගන්නා බදු මුදල් මගිනි. ඒ බව අප බොහෝ විට අප නොදන්නා කරුණකි. රටක පොදු සම්පත විනාශ කිරිම නිසා රට දියුණුව කරා යන ගමනද පමා වේ. ඒ අනවශ්‍ය මුදල් නාස්තිය නිසාවෙනි. නොයෙකුත් අවස්ථාවල බස් රියේ දුම් රියේ යන අපගේ සහෝදර පාසල් සිසුන් එම ආසන කඩා දමයි. ඉරි ඇද ගී කුරුටු ලියා අවලස්සන කරයි.
මේ පොදු දේ විනාශ කරන්නන්ට විරුද්ධව පෝස්ටර් දැන්වීම් නාම පුවරු
සිසිකසා සෑම දෙනාටම සෑම දෙනාවම දනුවත් කල යුතුය. පොදු දේපල වනසන පුද්ගලයින් අවීනිත අසන්වර දේශ ද්‍රෝහින් බව එහි දැක්විය යුතුය. ඒ තුලින් හෝ පාඩමක් ඉගැන්වීම අනාගතයට වැඩදායකය පොදු දේපල විනාශ නොකර
ඒව රැක ගනිමු. එවිට අපත් රැකී රටත් රැකුනා කියා සතුටු විය හැක.
",False,,,,,,,,,,80.83
G8_001,8,"සිංහල සහ හින්දු අලුත් අවුරුද්ද
","අවුරුදු නිවාඩුව උදාවීමත් සමඟම සිංහල දෙමළ ළමුන්ගේ සිත ප්‍රබෝධයෙන් පිනා යයි. ඒ ළඟ ළඟ එන සිංහල දෙමළ අලුත් අවුරුද්ද සැමරීමේ සතුටිනි. කොවුලාගේ නාදය පරිසරය පුරා රුව්පිළිරුව් දෙද්දී ළඟ එන අලුත් අවුරුද්දට මිනිසා පමණක් නොව පරිසරය ද සූදානම් වේ.
සිංහල හා දෙමළ අලුත් අවුරුද්ද අයත්වන්නේ සමාජයේ ජන කොට්ඨාශයක් ලෙස එම සමාජයට අනුගතව සමරනු ලබන උත්සවයක් ලෙස ය. සිංහල සහ හින්දු අලුත් අවුරුද්ද චාරිත්‍ර-වාරිත්‍රවලට මුල් තැනක් දෙන උත්සවයකි. නොනගතය යනු ජීවිතයට විශ්‍රාමය අවශ්‍ය බව මතක් කර දෙන චාරිත්‍රයකි. අලුත් අවුරුද්දේ අලුත් ඇඳුම් ඇඳීම, අලුත් මුට්ටියක කිරි බතක් ඉවීම ආදිය පිරිසිදු බව හා නැවුම් බව ප්‍රකට වන චාරිත්‍ර ය. මේ සියලුම චාරිත්‍ර තුළින් වැසියන්ගේ ජීවිතවලට ගෙන එන්නේ විචිත්‍රත්වය කි.
අලුත් අවුරුද්ද මානව සම්බන්ධතා වර්ධනය කිරීමට රුකුලක් වෙයි. අවුරුද්දට බුලත් දීමේ චාරිත්‍රය ඥාති මිත්‍රාදීන් අතර සුහදශීලී සම්බන්ධතාවය රුකගැනීමට පිටුවහල් වන්නකි. පුද්ගලයන් අතර සිදුවන තරහ අමනාපකම් අමතක කර එකමුතු කරන්නේ බුලත් දීම මගිනි. අවුරුදු ක්‍රීඩා තුළින් ද ගමේ මිනිසුන් අතර යහළූ මිත්‍රකම් වර්ධනය වී එකමුතුකම ඇතිවෙයි. අවුරුදු උදාවත් සමඟ පැණි බේරෙන කැවුම්, අලුවා, කොකිස් ආදී රස කැවිලි පිඟානක් අතැති ව අසල්වැසියන්ගේ නිවසට ගොඩ වැදීමේ චාරිත්‍රය සුහදශීලී සම්බන්ධතාවය වර්ධනය කරවයි.
අලුත් අවුරුද්දට මුළු ගම ම සැණකෙළියක් බඳු ය. එරබදු ගස මලින් බරවී පරිසරය රක්ත වර්ණයෙන් සරසයි. ගස්වැල් පලබර වී සතුන්ව කඩිසර කරවයි. පසෙකින් රතිඤ්ඤා වෙඩි හඬ ය. තව අතකින් ක්‍රීඩා කරන ළමයින්ගෙ ඔල්වරසන් හඬ ය. අලුත් අවුරුදු අසිරිය විඳිමින් ගතකරන මේ සමය මිනිසුන්ගේ මනස පිරිසුදු කරයි.
",False,,,,,,,,,,97.66
G8_002,8,නත්තල් උත්සවය,"සීතල උදුවප් මාසයේ ඇඟ හිරිගඩු පුප්පන මිහිදුම් වළා මැදින් වඩිනා මනරම් උත්සවය වූකලි නත්තලයි. එය යේසුස් ක්‍රිස්තුස් වහන්සේගේ උපත සිහිපත් කරන වාර්ෂික ආගමික උත්සවයකි. මෙම නත්තල් උත්සවය සෑම වසරක ම දෙසැම්බර් 25 වන දින ලොව පුරා මිලියන සංඛ්‍යාත ජනයා අතර ආගමික හා සංස්කෘතික සැමරුමක් ලෙස සමරනු ලැබේ.
මෙම
සෑම වසරකම
නත්තල යනු ආගමික උත්සවයකි. ඒ අනුව කිතුනු බැතිමත්හු දෙසැම්බර් 24 වැනිදා මැදියම දෙව් මැදුරුවලට ගොස් දේව 17 පුජාවට සහභාගී වෙති. ආගමික ශ්‍රද්ධාව යහමින් ඇති සාමකාමී පිරිසක් වන මෙම කිතුනුවෝ දෙව් මැදුරුවල ඒ ඒ
පූජාවන්ට බැති සිතින් සමවැදී තමාටත්, ලොවටත් සාමය ප්‍රාර්ථනා කරති. ඉන්පසුව ඔවුහු එළැඹෙන 25 වැනි දිනය මහත් උත්සවශ්‍රීයෙන් ගත කරති.
නත්තල කිතුනු ආගමික උත්සවයක් වන නමුත් එය ශ්‍රී ලංකාවාසී සැමට පොදු උත්සවයක් බවට පත් කරගැනීමට රටවැසියෝ මහත් උනන්දුවක් දක්වති. ඒ අනුව නත්තල් උත්සවය සියලු ආගමික බෙදීම් පසෙකට තල්ලුකර දමා සමාජ එකමුතුකම වර්ධනය කරන ප්‍රීතිමත් උත්සවයක් බවට පත් වී තිබේ. නත්තල් දින ජනප්‍රිය සිරිත් විරිත් වන තෑගි බෝග හුවමාරු කර ගැනීම, නත්තල් ගස් සැකසීම, ගව ලෙන සැකසීම, පවුලේ අය හා මිතුරන් සමඟ ආහාර බෙදා ගැනීම සහ “සැන්ටා” හෙවත් නත්තල් සීයා පැමිණෙන තෙක් බලා. සිටීම සියලු වැසියන් ප්‍රිය කරන අංග වේ.
සමග
නත්තල්, වෙසක්, රාමසාන් වැනි කුමන හෝ ආගමික උත්සවයකින් අප ජීවිතයට ළඟා කරගත යුත්තේ සාමය හා සතුටයි. ජීවිතය යනු ගලා යන ගංගාවකි. ගඟ සුන්දර වන්නේ ගල්පරවල හැපී ගමන වෙනස්වන විටදී ය. එසේ ම නත්තල් 179 උත්සවය අපේ ජීවිතයේ ඒකාකාරී බව බිඳ මඟුල් ගෙයක් වැනි දිනයක් අපේ පවුලට කැන්දයි. නත්තල් උත්සව අපේ ජීවිතය තුළ අලුත් වර්ණ ආලේප කරයි. එහෙයින් නත්තල් උත්සවය අප සැමගේ උත්සවයක් වන්නේ ය.
",False,,,,,,,,,,100.0
G8_003,8,"ලොව මවිත කළ අපේ උරුමයන්
","මුළු ලෝකෙටම වැදගත් විය හැකි සංස්කෘතික හා ස්වභාවික ස්ථාන සහ වස්තු ලෝක උරුම ලෙස හඳුන්වයි. ලෝකයේ සංස්කෘතික හා ස්වභාවික උරුමයන් සංරක්ෂණය කර ජාතීන් අතර සහයෝගීතාවය වර්ධනය කිරීමේ අරමුණින් එක්සත් ජාතීන්ගේ අධ්‍යාපනික, විද්‍යාත්මක හා සංස්කෘතික සංවිධානය (UNESCO) විසින් ලෝකයේ ස්ථාන ගණනාවක් ලෝක උරුම ලෙස හඳුනාගෙන ප්‍රකාශයට පත් කර ඇත. ඉන් 10 ක් ශ්‍රී ලංකාවේ ලෝක උරුමයන් වශයෙන් ප්‍රකාශයට පත් කර ඇත.
ශ්‍රී ලංකාවේ මධ්‍යම කඳුකරය, ශ්‍රී පාද අඩවිය, සීගිරිය ඓතිහාසික නගරය, මහනුවර පුජා නගරය, දඹුලු විහාරය, අනුරාධපුර ඓතිහාසික නගරය, පොළොන්නරුව ඓතිහාසික නගරය, ගාලු කොටුව, හෝර්ටන් තැන්න සහ සිංහරාජ වැසි වනාන්තරය ලෝක උරුමයන් වශයෙන් ප්‍රකාශයට පත් කර ඇත.
යුනෙස්කෝ සංවිධානය විසින් මෙම වස්තූන් ලෝක උරුම ලෙස නම් කර ඇත්තේ ඒවා අපට පමණක් නොව මුළු ලෝකයට ම එකසේ වැදගත් වන නිසාය. පොදුවේ ගත් කල මේ සියලු ම වස්තූන් පුරාවිද්‍යාත්මක වටිනාකමක් ඇති වස්තූන් වෙයි. පුරවැසියන් වශයෙන් මෙම වස්තූන් ගේ වටිනාකම සොයා බැලිය යුතුය. ඒවා ආරක්ෂා කිරීමට සිත් පහළ වන්නේ එම වස්තූන් පිළිබඳ ලබන දැනුම හේතුවෙනි. පාසලේ උගන්වන ඉතිහාසය විෂය තුළින් ද චිත්‍ර විෂය තුළින් ද මෙම වස්තූන් පිළිබඳ ඉගෙනුමක් ලැබිය හැක.
අපේ ලෝක උරුමයන් දැක බලාගැනීමට දහස් ගණන් විදේශිකයෝ අප රටට නිතිපතා පැමිණෙති. ඔවුහු ඒවා ගැන සොයා බලා ඒවා පිළිබඳ මවිතයට පත්වෙති. නමුත් අවාසනාවකට බොහෝ ලක්වැසියන්ට මෙම උරුමයන් ගැන වටිනාකමක් නැත. එය ජාතික වශයෙන් අභාග්‍යයකි. සැබවින්ම මෙම අපේ වටිනා උරුමයන් රුකගැනීමත් අගය කිරීමත් දරුවන් වන අපගේ උතුම් වගකීමකි.
",False,,,,,,,,,,89.17
G8_004,8,"මත් උවදුර පිටු දකිමු
","මත්ද්‍රව්‍ය ලෙස හඳුන්වන්නේ මිනිස් මනස දුර්වලතාවයකට භාජනය කළ හැකි ඕනෑම දෙයකට ය. මත්පැන්, මත්කුඩු, මල්පෙති, මත් දුම් ආදීය මත්ද්‍රව්‍ය සඳහා නිදසුන් වේ.
මත්ද්‍රව්‍ය වලින් සිදු කරන්නේ සැබෑ ලෝකය හා මනඃකල්පිත ලෝකය අතර තාවකාලික සම්බන්ධතාවක් ගොඩ නැංවීමයි. මත්පැන් පානය කළ විට ශරීරයෙන් ජීවත් වෙන්නේ සැබෑ ලෝකයේ වුවත් ඔහු සිය මනසින් ඉතාම සුන්දර ලෝකයක් මවාගෙන එහි ජීවත් වෙයි. මෙය සතුටක් ලෙස සලකන ඔහු ටිකින් ටික ඊට ඇබ්බැහි වෙයි. වර්තමාන සමාජයේ තරුණ පිරිස් අතර ක්‍රම ක්‍රමයෙන් පැතිර යන උවදුරක් ලෙස මෙය සැලකිය හැකිය.
මත්ද්‍රව්‍ය භාවිතය හේතුවෙන් මුලින් ම පිරිහෙන්නේ තමා ම ය. පරාභව සූත්‍රයට අනුව “සුරා ලොල් බව” පිරිහීමේ දොරටුවකි. මත්ද්‍රව්‍ය නිසා මනුෂ්‍යයා සෞඛ්‍ය අනින්ද ආර්ථික අතින් ද පිරිහී යයි. ඔහුගේ පවුලේ අසමගිය ඇති වේ. යහපත් මිතුරන් නැතිවී පාප මිත්‍රයන්ගේ ඇසුරට පත්වේ.
රටේ අනාගතය භාර ගැනීමට සිටින තරුණ තරුණියන් මනසින් ද සිරුරෙන් ද ශක්තිමත් විය යුතුය. මත් උවදුර හේතුවෙන් රටේ සමාජ සංවර්ධනය සහ ආර්ථික සංවර්ධනය අඩාල වේ. රට ජාත්‍යන්තර තලය දක්වා ඔසවා තැබීමට අවශ්‍ය ශක්තිය තරුණයන් තුළින් ඈත් කර දැමීමට මත්ද්‍රව්‍ය සමත් වී ඇත.
UR MASH
onnessee මෙම ගැටලුවෙන් රට ජාතිය බේරා ගැනීමට නම් පවුල පාසල ආගමික ස්ථානය සහ රජය ඒකාබද්ධව කටයුතු කළ යුතුය. තරුණ තරුණියන් රැකබලාගැනීම පවුලක යුතුකමකි. මතට DY ලොල් නොවන සේ නිසි අධ්‍යාපනයක් ලබාදීම පාසලේ වගකීමකි. /
පින්පව් පිළිබඳ ඉගැන්වීම ආගමික ස්ථානයේ යුතුකමකි.
",False,,,,,,,,,,92.16
G8_005,8,මත් උවදුර පිටු දකිමු,"මත්ද්‍රව්‍ය ලෙස හඳුන්වන්නේ මිනිස් මනස දුර්වලතාවයකට භාජනය කළ හැකි ඕනෑම දෙයකට ය. මත්පැන්, මත්කුඩු, මල්පෙති, මත් දුම් ආදීය මත්ද්‍රව්‍ය සඳහා නිදසුන් වේ.
මත්ද්‍රව්‍ය වලින් සිදු කරන්නේ සැබෑ ලෝකය හා මනඃකල්පිත ලෝකය අතර තාවකාලික සම්බන්ධතාවක් ගොඩ නැංවීමයි. මත්පැන් පානය කළ විට ශරීරයෙන් ජීවත් වෙන්නේ සැබෑ ලෝකයේ වුවත් ඔහු සිය මනසින් ඉතාම සුන්දර ලෝකයක් මවාගෙන එහි ජීවත් වෙයි. මෙය සතුටක් ලෙස සලකන ඔහු ටිකින් ටික ඊට ඇබ්බැහි වෙයි. වර්තමාන සමාජයේ තරුණ පිරිස් අතර ක්‍රම ක්‍රමයෙන් පැතිර යන උවදුරක් ලෙස මෙය සැලකිය හැකිය.
මත්ද්‍රව්‍ය භාවිතය හේතුවෙන් මුලින් ම පිරිහෙන්නේ තමා ම ය. පරාභව සූත්‍රයට අනුව “සුරා ලොල් බව” පිරිහීමේ දොරටුවකි. මත්ද්‍රව්‍ය නිසා මනුෂ්‍යයා සෞඛ්‍ය අනින්ද ආර්ථික අතින් ද පිරිහී යයි. ඔහුගේ පවුලේ අසමගිය ඇති වේ. යහපත් මිතුරන් නැතිවී පාප මිත්‍රයන්ගේ ඇසුරට පත්වේ.
රටේ අනාගතය භාර ගැනීමට සිටින තරුණ තරුණියන් මනසින් ද සිරුරෙන් ද ශක්තිමත් විය යුතුය. මත් උවදුර හේතුවෙන් රටේ සමාජ සංවර්ධනය සහ ආර්ථික සංවර්ධනය අඩාල වේ. රට ජාත්‍යන්තර තලය දක්වා ඔසවා තැබීමට අවශ්‍ය ශක්තිය තරුණයන් තුළින් ඈත් කර දැමීමට මත්ද්‍රව්‍ය සමත් වී ඇත.
UR MASH
onnessee මෙම ගැටලුවෙන් රට ජාතිය බේරා ගැනීමට නම් පවුල පාසල ආගමික ස්ථානය සහ රජය ඒකාබද්ධව කටයුතු කළ යුතුය. තරුණ තරුණියන් රැකබලාගැනීම පවුලක යුතුකමකි. මතට DY ලොල් නොවන සේ නිසි අධ්‍යාපනයක් ලබාදීම පාසලේ වගකීමකි. /
පින්පව් පිළිබඳ ඉගැන්වීම ආගමික ස්ථානයේ යුතුකමකි. මත්ද්‍රව්‍ය
",False,,,,,,,,,,92.42
G8_006,8,කඳුකර පරිසරයේ සුන්දරත්වය,"ශ්‍රී ලංකාව නම් මනරම් දිවයිනේ මැද පිහිටා ඇත්තේ සුන්දර කඳු පන්ති රාශියකි. දිවා කාලයේ පවා සීතල මීදුමෙන් වැසී යන පිදුරුතලාගල කන්ද, කදු මුදුන් නමයකින් සමන්විත නමුනුකුල කන්ද, නකල්ස් කඳු වැටිය හා කිරිගල්පොත්ත කන්ද වැනි යෝධ කඳු ඒ සඳහා උදාහරණයි.
ශ්‍රී ලංකාව සෞම්‍ය දේශගුණයක් ඇති රටකි. වර්ෂාව අඩුත් නැති වැඩිත් නැති වාසනාවන්ත රටකි. රට සරුසාර කරන ජල දහරාව උපදින්නේ රට මැද ඇති සුන්දර උස් කඳු මුදුන්වලයි. මහවැලි, කැලණී, කළු, වලවේ යන ගංගා එසේ උපදින ගංගාවලට උදාහරණයි. මේ ජලදහරා කඳු නැමැති කාන්තාවගේ ගෙලෙහි බැඳපු මුතු මාලයක් බඳු ය. කඳු මුදුන්වල සිට සුදු පාට පෙණ නංවමින් කඩා හැලෙන මේ දියදහරා මනස්කාන්ත ය. එමෙන් ම කඳුකර පරිසරය ඉතා සීතල ය. විටෙක මීදුමෙන් වැසී යයි. ස්වභාව සෞන්දර්යට ආදරය කරන අය නම් මේ කඳු තරණය කර සීතල දිය ස්නානය කර ගත සිත පුබුදුවා ගනිනි.
ශ්‍රී ලංකාවේ කඳුකර පරිසරයේ සුන්දරත්වය විදෙස් රටවල ජනතාව අතර පවා ප්‍රසිද්ධ ය. එබැවින් ලෝකයේ බොහෝ රටවලින් සංචාරකයෝ ශ්‍රී ලංකාවට පැමිණෙති. උඩරට දුම්රියෙන් නුවරඑළිය, බදුල්ල, මාතලේ ආදී කඳුකරයට යන ඔවුහු කදුකර පරිසරයේ සුන්දරත්වයට වශී වී දින සති ගණන් එහි ම ගත කරති.
කඳු සුන්දර වන්නේ ඒ මත පිහිටි තුරුලතාවන් සහ ජල ධාරාවන් නිසා ය. කඳුකර පරිසරයේ සුන්දරත්වය ඉදිරි පරම්පරාවටත් දායාද කිරීමට නම් ගහකොළ සහ ජල දහරා සුරුකිය යුතුය. එබැවින් කඳුකර පරිසරයකට ගොස් මේ සුන්දරත්වය විඳීමට හා ඒවාට ආදරය කිරීමට අපි පුරුදු පුහුණූ වෙමු.
",False,,,,,,,,,,90.75
G8_007,8,දෙමවුපියන්ගේ අගය,"“ලෝකය රදා පවතින්නේ හිරුගේ රශ්මියෙන් සහ මවගේ කිරිවලිනි” යැයි මැක්සිම් ගෝර්කි නිර්වචනයක් ඉදිරිපත් කර ඇත. ඒ තුළින් අපව බිහිකළ අපේ ආදරණීය මවගේ වටිනාකම මතු වේ. එසේ ම “පිය සෙනෙහසට කවි ගී ලියවුණා මදී...” යන ගීයෙන් ඇගයෙන්නේ අපගේ ආදරණීය පියාණන් ය. සඳහිරු වන් මේ දෙදෙනා අපගේ දෙමාපියන් වන්නේ ය.
මේ ලෝකයට අපව බිහි කරන්නේ මව ය. අපි සියල්ලෝ ම මවු කුස තුළ දස මසක් වැඩුනෙමු. බිහි වූ දා සිට මව අපව අහරින් පෝෂණය කළා ය. ඈ අපගේ පළමු වෛද්‍යවරිය යි; පළමු මිහිරි තනු මුමුණන්නිය යි; පළමු ගුරුතුමිය යි; අප දුටු සුන්දර ම කාන්තාව යි. ඒ මව අප උස් මහත් වන විට අපට සමාජය හුරු කළා ය. ඈ අපට යහපත් ගුණධර්ම හුරු කර මිනිසත් කම හුරු කළා ය. මව පිළිබඳ ඇගයීමට අකුරු, වචන හා වැකි ප්‍රමාණවත් නැත. මවගේ අගය සීමාවක් නැති සාගරය වැනි ය.
අපගේ පියා මේ ලොව වසන ශක්තිමත් ම මිනිසා ය. අපට හිසට සෙවනක් ගොඩනැගීමට, කවා පොවා උස් මහත් කිරීමට, සෙල්ලම් බඩු අරන් දීමට, ඇදුම් අරන් දීමට, ඉගැන්වීමට අපගේ පියා මහන්සි වී මුදල් ඉපයූ බව අපි පසු ව දැන ගත්තෙමු. එතරම් ආදරයක් නොපෙන්නුව ද අපව ආරක්ෂා කර නිවැරදි මඟ යෑමට පියාගේ සෘජු හා සැර ගතිගුණය ආශිර්වාදයක් විය. ඔහු සැම දා අපට ශක්තියක් වන බව
-TUTOR
වා නොහැදිළිය. පියාගේ අගය සීමාවක් නැති අහස වැනි ය.
තව කෙටි කාලයකින් අපි තරුණ වියට පා තබමු. එකළට අපගේ ඇස් දෙක වන් දෙමවුපියෝ මහලු වියට පා තබන්නෝ ය. එදිනට අපි ඔවුන් ආදරයෙන් රකිමු; පෝෂණය කරමු; සළකමු. දෙමවුපියන්ගේ අගය වටහාගත්
ජීවිතය සතුටින් ගත කිරීමට අවශ්‍ය සෑම කටයුත්තක් ම කරමු.
වන්ගේ ඉදිරි
",False,,,,,,,,,,98.99
G8_008,8,"ශ්‍රීමත් ආතර් සී ක්ලාක්
","දියයට කිමිදීම විනෝදාංශයක් කරගත් දක්ෂ කිමිදුම්කරුවෙක් එංගලන්තයේ ජීවත් විය. ඔහු දියයට කිමිදීම සඳහා ඔස්ට්‍රෙලියාවේ මහා බාධක පරය වෙත “හිමාලයා” නම් නැවෙන් ගමන් ගත්තේ ය. ඒ අතර අහම්බෙන් ශ්‍රී ලංකාවට පැමිණි ඔහු ශ්‍රී ලංකා මාතාවගේ සුන්දරත්වයට වශී විය. එබැවින් තමන් උපන් එංගලන්තය අතහැර 1956දී ශ්‍රී ලංකාවේ පදිංචියට පැමිණියේ ය. ඉන්පසු 1975 දී ශ්‍රී ලංකාවේ ගෞරවනීය පුරවැසි භාවය ලබා 2008 මාර්තු 19 දින මිය යන තෙක් ම ශ්‍රී ලංකාවේ ජීවත් වූ ඔහු ශ්‍රීමත් ආතර් සී ක්ලාක් වන්නේය.
ශ්‍රීමත් ආතර් සී ක්ලාක් මහතා හඳුන්වන්නේ චන්ද්‍රිකා තාක්ෂණයේ පියා ලෙස ය. ඔහු ශ්‍රී ලංකාවට පැමිණීමටත් පෙර 1945 වසරේදී “වයර්ලස් වර්ල්ඩ්” සඟරාව මඟින් “භූ ස්ථාවර චන්ද්‍රිකා” සංකල්පය ලෝකයට හඳුන්වා දුන්නේ ය. වර්තමානයේ මුළු ලෝකය ම තොරතුරු සන්නිවේදනය නිසා විශ්ව ග්‍රාමයක් බවට පත්වී ඇත්තේ ඔහුගේ ආරම්භය නිසා ය.
ඔහු විශ්වය පිළිබඳ අභිරහස් හෙළිකරන ග්‍රන්ථකරණයේ යෙදුණේ ය. ඔහු ලුප්පෝල, රෙස්කියු පාටි, ද සෙන්ටිනල්, 2001, 2010, නම් පොත් පළ කළේය. එසේම ඔහු ලංකාවේදී ද “ෆවුන්ටන්ස් ඔෆ් පැරඩයිස්” නම් කෘතිය පළ කළේය.
ශ්‍රීමත් ආතර් සී ක්ලාක් මහතා ලොවට කළ සේවය අගයා සම්මානයෙන් පිදුම් ලැබුවේ ය. 1982දී යුනෙස්කෝව විසින් “කාලිංග” සම්මානයන්, 1998දී බ්‍රිතාන්‍ය මහ රුජන විසින් පිරිනැමූ “නයිට්” පදවියත් ඉන් ප්‍රධාන සම්මානයි. එසේම අප ඉහළම පුරවැසි සම්මානය වන “ශ්‍රී ලංකා අභිමාන්‍ය” සම්මානය ඔහුට 2005 වසරේදී පිරිනැමුවේ ය.
ඔහු විනෝදයට කළේ දැනුම සොයා යාමයි. ඔහුගේ චින්තනය සීමාවකින් තොරව මුළු විශ්වයේ කෙලවර තෙක්ම පැතිරවීය. කිත් පැසසුම් ලැබුවේය. සාර්ථක ජීවිතයක් ගත කළේය. එබැවින් ආතර් ශ්‍රී ක්ලාක් මහතා අපට ආදර්ශවත් චරිතයකි.
",False,,,,,,,,,,94.87
G8_009,8,හික්කඩුවේ ශ්‍රී සුමංගල හිමි,"අතීතයේ ශ්‍රී ලංකාවේ බ්‍රිතාන්‍ය අධිරාජ්‍යවාදීන්ට යටත් වූ අඳුරු වහල් සමයක් විය. ඒ කාලයේ පරිහානියට පත්වෙමින් තිබුණු ආගමික හා සංස්කෘතික අංශයට නවමු ප්‍රබෝධයක් එක්කළ, දැය ම එකලු කළ මහා පහන් ටැඹ ලෙස විරුදාවලිය ලබන්නේ හික්කඩුවේ ශ්‍රී සුමංගල නා හිමි වන සේක.
ගාල්ල දිස්ත්‍රික්කයේ හික්කඩුව හෙට්ටිගොඩ ග්‍රාමය උන්වහන්සේගේ උපත සිදු වූ පින් බිමයි. ඒ 1827 වසරේ දුරුතු මස 20 වන දින විය. පසුව උන්වහන්සේ වයස අවුරුදු 13 දී හික්කඩුවේ තොටගමුවේ රජ මහා විහාරයේ දී පැවිදි භාවයට පත් වූ සේක. ශ්‍රී සුමංගල හිමි ශාස්ත්‍රිය අධ්‍යාපනයෙන් පරතෙරට පත් වූහ; සිංහල පමණක් නොව පාලි, සංස්කෘත හා ඉංග්‍රීසි පවා දැන, උගත්කමින් අද්විතීය වූහ. එබැවින් ශ්‍රී සුමංගල හිමි “ත්‍රිපිටක වාගීශ්වරාචාර්ය” යන නම්බු නාමයෙන් ද හඳුන්වන ලදහ. උන්වහන්සේගේ මැදිහත්වීමෙන් ආරම්භ වූ පංච මහා වාද වන බද්දේගම වාදය, උදම්විට වාදය, ගම්පොළ වාදය, පානදුරා වාදය, ඌරුගොඩවත්තේ වාදය ආදිය තුළින් උන්වහන්සේගේ පාණ්ඩිත්‍යය ලොව පුරා ප්‍රකට විය.
උන්වහන්සේ කළ සේවාවන් අතර සිංහල භාෂාවේ දියුනුවට කළ මෙහෙය අද්විතීය. කාව්‍යශේඛර සන්නසය, සිදත් සඟරා සන්නසය සහ පාලි මහාවංසය සිංහලට පරිවර්තනය
උන්වහන්සේගේ ය. එසේම උන්වහන්සේගේ ශාස්ත්‍රිය රාවයට ලොව පුරා සිටින ධාර්මික නැණවත් පුද්ගලයෝ ලක් මව වෙත ඇදී ආහ. ඒ අතර කර්නල් ඕල්කට්තුමා විය. ඔහු සුමංගල නා හිමියන් වෙත පැමිණ බුදුදහම ඉගෙනගෙන ගත්තේ ය. පසුව ලාංකික සමාජයට ඉමහත් සේවාවක් සිදු කරන ලදී. උන්වහන්සේ මෙවැනි දෙස් විදෙස් උගතුන් සමඟ එක්වී බුදුදහම ලොව පුරා ප්‍රචලිත කිරීමට මුල් වූහ.
සිංහල භාෂාව සහ බෞද්ධ දර්ශනය ඇතුළු මුළුමහත් හෙළ සංස්කෘතියේ ම පෝෂණයට රන් ආකරයක් බඳු වූ හික්කඩුවේ ශ්‍රී සුමංගල හිමි 1911 වසරේ අප්‍රේල් 29 දින අපවත් වූ සේක.
",False,,,,,,,,,,98.62
G8_010,8,වැඩිහිටියන් රැක බලා ගනිමු,"වැඩිහිටියන් යනු අපට වඩා බොහෝ කාලයකට පෙර ඉපදී, අපට වඩා කාලයක් මේ ලෝකයේ ජීවත් වූ, බොහෝ අත්දැකීම් හා දැනුම් සම්භාරයක් සහිත වැදගත් පුද්ගලයෝ වෙති. බොහෝ වැඩිහිටියෝ තමාගේ තරුණ කාලයේ සිට සමාජයට යුතුකම් නොපිරිහෙළා ඉටු කළ අය වෙති.
සමාජය වැඩිහිටියන්ව ජ්‍යෙෂ්ඨ පුරවැසියන් ලෙස හඳුන්වයි. වැඩිහිටියන්ගෙන් සමාජයට සිදුවන සේවාව කියා නිම කළ නොහැක. ඔවුහු අපව ආරක්ෂා කරගැනිම සදහා නිරන්තරයෙන් ම සැදී පැහැදී සිටිති. පාරම්පරික දැනුම, සිරිත් විරිත්, සම්ප්‍රදායන් ආදිය ඊළඟ පරම්පරාව වෙත දායාද කරන්නේ වැඩිහිටියෝ ය. වැඩිහිටියන් විසින් අප හට යම් උපදෙසක් දෙනු ලබන්නේ ද, එම උපදෙස තුළ අප ජීවිතය යහමග පවත්වාගෙන යාමට අවශ්‍ය සියලු ගුණධර්ම පිරී තිබේ. මේ ආදි වූ බොහෝ කරුණුවලින් වැඩිහිටියන්ගේ අගය අපට තහවුරු කළ හැකිය.
වර්තමාන පුවත්පත්, ගුවන්විදුලි, රූපවාහිනී මාධ්‍යවලින් වැඩිහිටියන්ගේ ගෞරවය විනාශ වන ආකාර පුවත් හමුවේ. ඒ ඇතැම් පුද්ගලයන් තම වැඩිහිටියන් වෙනුවෙන් කළ යුතු යුතුකම් කඩකිරීමේ ඛේදනීය අවස්ථාවන් ය. පොදුවේ ගත් විට වර්තමාන සමාජය වැඩිහිටියන්ට සලකන ආකාරය බොහෝ අශෝභනය.
වැඩිහිටියන් රැකබලා ගැනීමට නම් ඔවුන් සමඟ සාමකාමීව ජීවත් විය යුතුය. ඔවුන් සමඟ වාද විවාදවලට පැටලීම සුදුසු නොවේ. වැඩිහිටියන්ගේ යම් වරදක් දුටුවොත් ඔහු හෝ ඇය සමග වාදයට නොගොස් ඉවසීමෙන් කටයුතු කළ යුතුය. එසේම වැඩිහිටියන්ට ලෙඩක් දුකක් සෑදුණු විට ඔහු හෝ ඇය අසල සිට අවශ්‍ය ඖෂධ ලබාදී හොඳින් සැලකිය යුතුය.
රජය යටතේ වැඩිහිටියන් රැක බලා ගැනීම පිළිබඳ බොහෝ ක්‍රියාමාර්ග ගත හැකිය. වැඩිහිටියන් රැකබලා ගැනීම පිළිබඳ නව නීති හඳුන්වා දීම, වැඩිහිටියන් රැක බලා ගැනීම පිළිබඳ ජනතාව දැනුවත් කිරීම, ඒ අතර ඇති වැදගත් ක්‍රියාමාර්ග වේ.
කෙලෙහිගුණ දත් ධර්මිෂ්ඨ සමාජයක යුතුකම වන්නේ තම ජ්‍යෙෂ්ඨ පුරවැසියන් රැකබලාගෙන ඔවුන්ට හිමි ගෞරවය ලබා දීමයි. එම ජාතික යුතුකම කිරීමට අපි ඇප කැප වෙමු.
",False,,,,,,,,,,100.0
G8_011,8,"ශ්‍රී ලංකාවේ වාරි තාක්ෂණයේ විශිෂ්ටත්වය
","“අහසින් වැටෙන එක දිය බිඳක්වත් ප්‍රයෝජනයට නොගෙන මුහුදට නොයවව්” යන්න පළමුවැනි පරාක්‍රමබාහු රජතුමාගේ උදාන ප්‍රකාශයකි. එයින්, ශ්‍රී ලංකාව ජලයෙන් ගත් ප්‍රයෝජන කොපමණදැයි සිතා ගත හැකි ය. ජලය ප්‍රයෝජනයට ගැනීමට නම් එය රැස්කර තබා ගත යුතුය. ජලය රැස්කර තබා ගන්නේ වැව්වල ය. වැව සෑදීම, ජලය රැස් කිරීම, බෙදාහැරීම හා ප්‍රතිසංස්කරණ කටයුතු කිරීම් ආදිය නිවැරදි ක්‍රමයකට අනුකූලවම සිදු කරයි. එය හඳුන්වන්නේ වාරි තාක්ෂණය ලෙසයි.
ශ්‍රී ලංකාවේ වාරි තාක්ෂණය විශිෂ්ට ලෙස ක්‍රියාත්මක වූයේ අනුරාධපුර, පොළොන්නරු, දඹදෙණීය වැනි අතීත කාලවල දී ය. එසමයේ වැව් බොහෝමයක් පෝෂණය වූයේ කඳුකර ප්‍රදේශවල සිට ගලා ආ ගංගාවල ජලය ඇළ මාර්ගයෙන් වැව් වෙත ලබා ගැනීමෙනි. එසේ සුදුසු ස්ථානයක වැවක් ඉදිකර වසර පුරා ජලය රඳවා තබා ගැනීම විශ්මිත ය. ඒ සඳහා එදා තිබූ දැනුම වාරි තාක්ෂණයේ විශිෂ්ටත්වයකි.
ශ්‍රී ලංකාවේ භාවිතා වන වාරි තාක්ෂණය තේරුම් ගැනීමට වැව සාදා ඇති ආකාරය සොයා බැලීම වැදගත් වේ. එහිදී වැවේ වැව් බැම්ම සුවිශේෂී වේ. තනිකරම පස් වලින් සාදා ඇති මෙය අතීතයේ දී අලි ඇතුන් යොදා හොඳින් තලා සකස් කර ඇත. මේ වැව් බැම්ම වැසි පිට වැසි වැස්සත් පුපුරා කැඩී නොයයි. වැවේ සොරොව්ව, බිසෝ කොටුව ආදී අංග නිර්මාණය කර ඇති ආකාරය වාරි තාක්ෂණය විශිෂ්ට ලෙස භාවිත කිරීමට සාක්ෂි සපයයි.
වැව් තාවුල්ල යනු වැවට ඉස්මත්තේ ඇති සුන්දර වනාන්තර පෙදෙසයි. වැව් නාවුල්ල වැවට කරන සත්කාරය සුළුපටු නොවේ. වැවෙහි ජලය රඳන්නේ වැව් තාවුල්ල නිසා ය. මේ පිළිබඳ වෙනම පොතක් ලිවීමට තරම් තාක්ෂණික කරුණු ඇති බව විද්වත්හු පවසති.
ශ්‍රී ලංකාවේ විශාල ම වැව් පිහිටා ඇත්තේ වියළි කලාපයේ ය. මහා පරාක්‍රමබාහු රජතුමාගේ විශිෂ්ට නිර්මාණයක් වන පරාක්‍රම සමුද්‍රය ඉන් ප්‍රධාන වැවයි. එහි වැව් බැම්ම දිගින් කිලෝමීටර දොළහයි දශම තුනයි අටකි. මෙතරම් විශාල වැවක් ඉදිකිරීම ද, ජලය රැස්කර තබා ගැනීමද, එම ජලය ක්‍රමානුකූලව බෙදාහැරීමද විස්මයජනක ය. මේ සියල්ලෙන් මැනගත හැකි වන්නේ අතීතයේ වාරි තාක්ෂණයේ විශිෂ්ටත්වයයි.
වැව යනු හුදෙක් ජලාශයක් පමණක් නොවේ. වැව ජන ජීවිතය හා සම්බන්ධ සංස්කෘතික අංගයකි. එබැවින් ශ්‍රී ලංකාවේ වාරි තාක්ෂණය පිළිබඳ ගවේෂණය කිරීම මෙන් ම වැව් ප්‍රතිසංස්කරණය කිරීම ද වැදගත් ය. එවිට කෘෂි
කර්මාන්තයේ උන්නතිය ද, සංස්කෘතික අනන්‍යතාවය ආරක්ෂා වීම ද, එක සේ සිදු වේ.
",False,,,,,,,,,,100.0
G8_012,8,මහනුවර ශ්‍රී දළදා මාළිගාව,"බුදුරජාණන් වහන්සේගේ වම් දන්ත ධාතූන් වහන්සේ තැන්පත් කර ඇති අති ගෞරවනීය පූජනීය
ස්ථානය දළදා මාළිගාව ලෙස හඳුන්වනු ලැබේ. වර්තමාන දළදා මාළිගාව ශ්‍රී ලංකාවේ මහනුවර නගරයේ පිහිටා ඇත.
අතීතයේ සිටම රාජ්‍ය පාලන සම්ප්‍රදායේ පිලිගැනීම වූයේ රටේ රජතුමාට දන්ත ධාතූන් වහන්සේගේ භාරකාරීත්ව හිමි විය යුතු බවය. එබැවින් අතීතයේ රජවරු සිය දිවි හිමියෙන් දළදා වහන්සේ ආරක්ෂා කළහ. මහනුවර ශ්‍රී දළදා මාළිගාව මුල්වරට ගොඩනගනු ලැබුයේ පළමුවන විමලධර්මසූරිය රජතුමා විසිනි.
දන්ත කුමරු සහ හේමමාලා වන්දනා කරුවන් සේ සැරසී දන්ත ධාතූන් වහන්සේ හේමමාලාගේ කේශ කලාපය තුල සඟවා ගෙන ඉන්දියාවේ සිට ශ්‍රී ලංකාවට වැඩමවාගෙන පැමිණි බව ඉතිහාසයේ සඳහන් වේ. ශ්‍රී දන්ත ධාතූන් වහන්සේ එවකට ලංකාවේ අගනුවර වූ අනුරාධපුරයටත්, පසුව පොලොන්නරුවටත් ආදී වශයෙන් වැඩමවා අවසාන වශයෙන් මහනුවර ශ්‍රී දළදා මාළිගාව තුළ සුරක්ෂිතව තැන්පත්ව ඇති සේක.
මේ හේතු නිසා ම ශ්‍රී දළදා මාළිගාව පිහිටා ඇති මහනුවර නගරය ම ආගමික සහ සංස්කෘතික වටිනාකමක් ඇති අපේ උරුමයකි. එබැවින් මහනුවර නගරයම යුනෙස්කෝව විසින් ලෝක උරුමයක් ලෙස ද නම් කර ඇත.
වසරකට වරක් හෝ මහනුවර ශ්‍රී දළදා මාළිගාව දැකබලාගෙන එම පූජාවන්ට සහභාගී වීම මහත් පුණ්‍ය * කටයුත්තකි. අතීත රජවරුන් සේ අපත් මහනුවර දළදා වහන්සේ දිවි හිමියෙන් ආරක්ෂා කරමු.
",False,,,,,,,,,,77.34
G8_013,8,මහනුවර ඓතිහාසික දළදා පෙරහැර,"ශ්‍රී ලංකාවේ කිත්සිරිමෙවන් රජු රට පාලනය කළ එනම් ක්‍රි.ව.301-328 කාලයේ සිට අද දක්වා වසරක් පාසා වීදි සංචාරය කරන ඇසළ පෙරහැර හෙවත් මහනුවර දළදා පෙරහැර වනාහි සියලූ ලෝකවාසී බෞද්ධ ජනයාට අති උත්කෘෂ්ට බෞද්ධ මංගල්‍යයකි. අපට ජාතික උත්සවයක් ද වන දළදා පෙරහැර ලෝකවාසී අනෙකුත් ජනයාට මනස්කාන්ත විචිත්‍රවත් සංස්කෘතික මංගල්‍යයක් වේ.
අතීතයේ සිට පැවත ගෙන එන ලක්ෂණ නොනසා දළදා පෙරහැරේ මුලින්ම ගමන් ගන්නේ විදුලිය කෙටීම වැනි හඩ දෙන කස කරුවන් ය. පෙරහැර ලඟ එන බව කස කරුවෝ සංනිවේදනය කරති. ඉන් පසු ගිනිබෝල කරුවන් ය. ඔවුහු පෙරහැරෙහි ආකර්ෂණය වර්ධනය කොට නරඹන්නන්ගේ නෙත් සිත් පෙරහැර කෙරෙහි යොමු කරවා ගනිති. මෙය බෞද්ධ ආගමික පෙරහැරක් බව නිරූපණය කිරීමටත්, මෙය ජාතික උත්සවයක් බව ඇඟවීමටත් බෞද්ධ කොඩි සහ ජාතික කොඩි කණ්ඩායම් පැමිණෙන්නේ ඉක්බිතිව ය. මෙතැන් සිට දළදා පෙරහැරෙහි තවත් අසිරිමත් අංග රාශියක් දැකගත හැකිය. මේ සියල්ල තුළ ආගමික චාරිත්‍ර ආදිය ද, පාරම්පරික කලාකරුවන්ගේ නැටුම්, ගැයුම් හා වැයුම් ආදිය ද, ඇදුම් පැළදුම්, ක්‍රීඩා කලා, ආදිය ද, මනාව නිරූපණය කෙරෙයි.
මහනුවර ඓතිහාසික දළදා පෙරහැර ශ්‍රී ලාංකීය අනන්‍යතාවය ලොවට ප්‍රකට කරයි. මෙය අපගේ සංස්කෘතික උරුමයකි. එබැවින් දහස් ගණනින් යුත් ජන ගංගාවක් ජාති, ආගම්, කුල භේද නොසලකමින් ඇසල පෙරහැර නැරඹීමට මහනුවර නගරය කරා ඇතී එති. අප පමණක් නොව එහි අසිරිය දැක බලා ගැනීම සඳහා ඈත රටවල විදේශිකයෝ පවා මෙරටට ඇදී එති.
අපගේ යුතුකම වන්නේ ඓතිහාසික දළදා පෙරහැරේ අගය වටහාගෙන මෙම සංස්කෘතික අංගය ඉදිරි පරපුරට පවරා දීම
ය.
",False,,,,,,,,,,94.52
G8_014,8,"වෙසක් උත්සවය
","ගෞතම බුදුරජාණන් වහන්සේගේ ඉපදීම, බුදුවීම සහ පිරිනිවන් පෑම යන තෙමඟුල සිදුවූ දිනය වෙසක් පෝය ලෙස හැඳින්වේ. මේ උත්සවය බුදු තෙ මගුල ලෙස ද, බෞද්ධ මංගල්‍යය ලෙස ද, වෛශාක්‍ය මංගල්‍යය ලෙස ද හැඳින්වේ. වෙසක් මාසයේ හෙවත් මැයි මාසයේ දී ලොව පුරා බොහෝ රටවල බෞද්ධයෝ මෙම වෙසක් පුන් පොහොය දිනය ආමිස හා ප්‍රතිපත්ති පූජා පෙරටු කරගෙන විවිධ අයුරින් සමරති.
ක්‍රි.පූ.624 දී පමණ සිද්ධාර්ථ කුමාරයා උතුරු ඉන්දියාවේ වෙසක් පුර පසළොස්වක පොහොය දිනයක දී උපත ලැබී ය. සියලු යස ඉසුරින් ද ගුණ නැණ බෙලෙන් ද, අඩුවක් නැති ගිහි ජීවිතයක් ගත කළ සිද්ධාර්ථ කුමාරයා සිය පෞද්ගලික සුව පහසුව,සතුට,රජකම ආදී සියල්ල අත්හැර අභිනිෂ්ක්‍රමණය කිරීමට තීරණය කළේය.
පසුව උන්වහන්සේ වනගත වී භාවනා කරමින් ලෝක සත්‍යය අ වබෝධ කර ගැනීමට වෙහෙසුණහ. අවසානයේ මධ්‍යම ප්‍රතිපදාව අනුගමනය කළ උන් වහන්සේ නේරංජනා නදී තීරයේ ගයා ශීර්ෂයේ ඇසතු බෝ ගසක් සෙවණේ දී උතුම් බුදුබව අවබෝධ කර ගත්හ. එතැන් පටන් ලෝකවාසී මිනිසුන්ගේ යහ ගුණ, නැණ නංවා යහපත් සමාජයක් ගොඩනැගීමට කැප වූ සේක. ගෞතම බුදුරජාණන් වහන්සේ මල්ල රට කුසිනාරා නම් නුවර උපවත්තන නම් සල් වනයේ දී වෙසක් පොහොය දිනයක දී ම පිරිණිවන් පා වදාළ සේක.
ශ්‍රී ලාංකිකයෝ වෙසක් උත්සවය කිහිපාකාරයකින් සැමරති. බෞද්ධයෝ වෙසක් පුන් පෝය දිනට දාන, ශීල, භාවනා ආදී ප්‍රතිපත්ති පූජාවන්ට මුල් තැන දී කටයුතු කරති. බෞද්ධ පන්සල් එදිනට වතුසුදු මල් යායක් වැනි ය. මල් සුවඳ පරයා නැගෙන සිල් සුවඳ බෞද්ධ සිත් මුදු කර යහපතට කැඳවයි. ඔවුහු මහා සාගරයක් වැනි බෞද්ධ දර්ශනය මෙනෙහි කරමින් ගිහි ජීවිතය අර්ථවත් කර ගැනීමට වෙසක් පුන් පෝය දිනටයට වෙහෙසක් දරති.
මීට අමතරව ශ්‍රී ලාංකිකයෝ ආමිස පූජා ගණයට අයත් වන සැරසිලි, තොරණ ඉදිකිරිම,පහන්කූඩු දැල්වීම ආදී දේවල් ද වෙසක් පුන් පෝය දිනටය පසු දින සිදුකරති. එවැනි දේ සඳහා බෞද්ධයන් පමණක් නොව හින්දු, ඉස්ලාම් සහ ක්‍රිස්තියානි බැතිමත්හු ද එක මවකගේ දරුවන් සේ එකමුතු වෙති.
",False,,,,,,,,,,100.0
G8_015,8,පොදු දේපළ සුරකිමු,"මහජනතාව සියලු දෙනාට පොදුවේ පරිහරණය කිරීමට තිබෙන ස්ථාන හා දේපළ පොදු දේපළ ලෙස හැඳින්වේ බස් නැවතුමේ සිට ගුවන්තොටුපල දක්වා විවිධ මට්ටමේ පොදු ස්ථාන ද බස්රිය දුම්රිය පොදු ළිං ආදී දේපළ ද මෙයට අයත් වේ. අද සිටින දරුවන් වැඩිහිටියන්ට පමණක් නොව අනාගතයේ උපදින අයට ද මේ සියලු දේ අයිතිය.
පොදු දේපළ යනු අප සියලු දෙනාගේම අයිතියක් නම් ඒවා රැක ගැනීම පිළිබඳ කතා කරන්න සිදුවී තිබෙන්නේ ඇයි. ඒ ඇතැම් අය පොදු දේපළ තමන්ගේ පෞද්ගලික දේපළක් නොවන නිසා ආරක්ෂා කරගැනීමට නොසිතන නිසාය. ඇතැම් විට තමන්ගේ කුණු කසල බදුන් පවා පොදු ස්ථානවල බැහැර කිරීමට කටයුතු කරති. මේ නිසා එම දේපළ විනාශ වීම අපිරිසිදු වීම සිදු වේ. අනගත පරපුරට එම දේපළ අහිමි වීමද සිදුවිය හැකිය එමෙන්ම විනාශ කරන දේපල නැවත ඉදි කිරීමට හා අලුත් වැඩියා කිරීමට රජය විශාල මුදලක් වැය කිරීමට සිදුවේ. ඒ වියදම් කිරීමටත් සිදු වන්නේ මහජනයාගේ මුදල්ය.
පොදු දේපල අතර ප්‍රධානම දේපලක් වන්නේ පාසල්ය. ලංකාව පුරා දරුවන්ට දැනුම ලබා දීමට අනාගත පුරවැසියන් බිහි කිරීමට විශාල මුදලක් වැය කොට පාසල් ඉදිකරයි. ඩෙස් පුටු, පුස්තකාල, විද්‍යාගාර ආදී පහසුකම් සියල්ලම අපට ලබා දී තිබේ. මේ සියල්ලම රැකගැනීම අපගේ වගකීමයි. ලක්ෂ ගණන් රෝගීන් ජනතාව ප්‍රතිකාර ලබාදෙන රෝහල් ද පොදු ස්ථානයකි. ගොඩනැගිලි වාට්ටු, බෙහෙත් ද්‍රව්‍ය, උපකරණ සඳහා විශාල මුදලක් වැය කරයි මේ නිසා රෝහල් ද වටිනා පොදු ස්ථානයකි. එමෙන්ම දුම්රිය බස්රථ ආදී පොදු දේපල රැක ගත යුතුයි. සහනදායි මිලකට පවත්වාගෙන යන පොදු ප්‍රවාහන සේවා වල දේපළ හානි කිරීම, ඉරා දැමීම කුරුටු ගෑම, නොකළ යුතුයි.
මහජනයාගේ අයිතියක් වන පොදු දේපළ විනාශ කරන්නේ ද මහජනතාවම බව අපි දනිමු. පාසල් සිසුන් වශයෙන් පෙළ පොතේ සිට ගොඩනැගිලි දක්වා සියලුම දේ අපේම දෙයක් ලෙස සලකා කටයුතු කිරීමට අපි පුරුදු වෙමු.
",False,,,,,,,,,,100.0
G8_016,8,සාමය සමගිය රජයන ලොවක් තනමු,"සාමය යනුවෙන් හැදින්වෙන්නේ අන් අයට ගරු කරමින් ගැටුම් නැතිව ජීවත් වීමයි. රටවල් අතර, ජාතීන් අතර, මිනිසුන් අතර සහ මිනිසා සහ පරිසරය අතර ගැටුම් හා යුද්ධය අවසන් වූ විට සාමය සමගිය ඇති වන්නේ ය. “සමගිය බලය වේ” යන්නෙන් හැඟවෙන්නේ සෑම පුද්ගලයෙකුගේ ම පැතුම යුද්ධය නොව සාමය සමගිය බවයි.
සාමය අවශ්‍ය වන්නේ යුද්ධය ඇති තැන ය. අතීතයේ පළමු වන ලෝක යුද්ධය සහ දෙවන ලෝක යුද්ධය වශයෙන් වූ යුද්ධ ගැන කියවා ඇත්තෙමු. වර්තමානයේ රුසියානු-යුක්‍රේන යුද්ධය සහ ඊශ්රායල් ගාසා යුද්ධය ගැන අසන්නට දකින්නට ලැබේ. මේ සියල්ල මිනිසාගේත් පරිසරයේත් විනාශය වේ. මිනිස් ජීවිත විනාශ වී තම
සමීපතමයන් අහිමි වීම සාමයට අකමැති වීමේ ප්‍රතිඵලයකි. නිදහසේ ජීවත්වීමට ඇති එකම විසදුම වන්නේ සාමය හා සමගිය යි.
සාමය හා සමගිය ඉතා උතුම් මිනිස්කමකි. සාමය නිසා මිනිසුන් බොහෝ වාසි අත්කර ගනී. ඉන් පළමුවන වාසිය සිතේ සතුටයි. දෙවැන්න එකිනෙකා අතර ආදරය හා ගරුත්වය යි. සාමය නිසා පවුල් තුළ දියුණුවක් ඇති වේ. මුළු රටේ ම සමෘද්ධිය ඇති වන්නේ සාමය සමගිය ඇති වූ පසු ය. ඊට පසු මුළු ලෝකයම සුන්දර දිව්‍ය ලෝකයක් සේ ගොඩනැගෙන්නේ ය.
සාමය හා සමගිය ඇති වන්නේ පුද්ගලයා බුද්ධිමත් වූ විට ය. එබැවින් ඉගෙනුම හා දැනුම ඇති සමාජයක් නිර්මාණය කර ගැනීම වැදගත් ය. ආගම් හා දර්ශනවාද තුළින් මිනිසා යහපත් කර බුද්ධිමත් කළ යුතුය. ඒ අතරින් සාමකාමී දැහැමි පුද්ගලයන් නායකයන් වූ විට යුද්ධය නැවතී සාමය ඇතිවන්නේය. එවිට සාමය සමගිය රජයන ලොවක් තැනීම දුෂ්කර නැත.
",False,,,,,,,,,,86.85
